[
    { "ime": "Rowan", "prezime": "O'Connor", "starost": 21, "admin": false },
    { "ime": "Melody", "prezime": "Norton", "starost": 22, "admin": true },
    { "ime": "Minnie", "prezime": "Terry", "starost": 23, "admin": false },
    { "ime": "Damien", "prezime": "Roach", "starost": 21, "admin": false },
    { "ime": "Ida", "prezime": "Macdonald", "starost": 20, "admin": false },
    { "ime": "Zak", "prezime": "Carlson", "starost": 21, "admin": true },
    { "ime": "Nevaeh", "prezime": "Randolph", "starost": 23, "admin": false },
    { "ime": "Dewi", "prezime": "Sanford", "starost": 22, "admin": false },
    { "ime": "Michelle", "prezime": "Rhodes", "starost": 22, "admin": true },
    { "ime": "Oscar", "prezime": "Carter", "starost": 23, "admin": false }
]
