{"name":"addBack","type":"method","title":".addBack()","deprecated":null,"removed":null,"desc":"Add the previous set of elements on the stack to the current set, optionally filtered by a selector.","categories":["traversing/miscellaneous-traversal","version/1.8"],"entries":[{"return":"jQuery","signatures":{"added":"1.8","argument":{"desc":"A string containing a selector expression to match the current set of elements against.","name":"selector","type":"Selector","optional":"true"}},"examples":{"desc":"The <code>.addBack()</code> method causes the previous set of DOM elements in the traversal stack to be added to the current set. In the first example, the top stack contains the set resulting from <code>.find(\"p\")</code>. In the second example, <code>.addBack()</code> adds the previous set of elements on the stack — in this case <code>$(\"div.after-addback\")</code> — to the current set, selecting both the div and its enclosed paragraphs.","code":"\n$( \"div.left, div.right\" ).find( \"div, div > p\" ).addClass( \"border\" );\n\n// First Example\n$( \"div.before-addback\" ).find( \"p\" ).addClass( \"background\" );\n\n// Second Example\n$( \"div.after-addback\" ).find( \"p\" ).addBack().addClass( \"background\" );\n","css":"\n  p, div {\n    margin: 5px;\n    padding: 5px;\n  }\n  .border {\n    border: 2px solid red;\n  }\n  .background {\n    background: yellow;\n  }\n  .left, .right {\n    width: 45%;\n    float: left;\n  }\n  .right {\n    margin-left: 3%;\n  }\n","html":"\n<div class=\"left\">\n  <p><strong>Before <code>addBack()</code></strong></p>\n  <div class=\"before-addback\">\n    <p>First Paragraph</p>\n    <p>Second Paragraph</p>\n  </div>\n</div>\n<div class=\"right\">\n  <p><strong>After <code>addBack()</code></strong></p>\n  <div class=\"after-addback\">\n    <p>First Paragraph</p>\n    <p>Second Paragraph</p>\n  </div>\n</div>\n"},"longdesc":"\n    <p>As described in the discussion for <code><a href=\"/end/\">.end()</a></code>, jQuery objects maintain an internal stack that keeps track of changes to the matched set of elements. When one of the DOM traversal methods is called, the new set of elements is pushed onto the stack. If the previous set of elements is desired as well, <code>.addBack()</code> can help.</p>\n    <p>Consider a page with a simple list on it:</p>\n    <pre><code>\n&lt;ul&gt;\n  &lt;li&gt;list item 1&lt;/li&gt;\n  &lt;li&gt;list item 2&lt;/li&gt;\n  &lt;li class=\"third-item\"&gt;list item 3&lt;/li&gt;\n  &lt;li&gt;list item 4&lt;/li&gt;\n  &lt;li&gt;list item 5&lt;/li&gt;\n&lt;/ul&gt;\n    </code></pre>\n    <p>The result of the following code is a red background behind items 3, 4 and 5:</p>\n    <pre><code>\n$( \"li.third-item\" ).nextAll().addBack()\n  .css( \"background-color\", \"red\" );\n    </code></pre>\n    <p>First, the initial selector locates item 3, initializing the stack with the set containing just this item. The call to <code>.nextAll()</code> then pushes the set of items 4 and 5 onto the stack. Finally, the <code>.addBack()</code> invocation merges these two sets together, creating a jQuery object that points to all three items in document order: <code>{[&lt;li.third-item&gt;,&lt;li&gt;,&lt;li&gt; ]}</code>.</p>\n  "}]}