{"name":"attributeContainsWord","type":"selector","title":"Attribute Contains Word Selector [name~=\"value\"]","deprecated":null,"removed":null,"desc":"Selects elements that have the specified attribute with a value containing a given word, delimited by spaces.","categories":["selectors/attribute-selectors","version/1.0"],"entries":[{"return":"","signatures":{"added":"1.0","argument":[{"desc":"An attribute name.","name":"attribute","type":"String"},{"desc":"An attribute value. Can be either an unquoted single word or a quoted string.","name":"value","type":"String"}]},"examples":{"desc":"Finds all inputs with a name attribute that contains the word 'man' and sets the value with some text.","code":"\n$( \"input[name~='man']\" ).val( \"mr. man is in it!\" );\n","html":"\n<input name=\"man-news\">\n<input name=\"milk man\">\n<input name=\"letterman2\">\n<input name=\"newmilk\">\n"},"longdesc":"\n    <p>This selector matches the test string against each word in the attribute value, where a \"word\" is defined as a string delimited by whitespace. The selector matches if the test string is exactly equal to any of the words.</p>\n  "}],"slug":"attribute-contains-word-selector"}