{"name":"element","type":"selector","title":"Element Selector (\"element\")","deprecated":null,"removed":null,"desc":"Selects all elements with the given tag name.","categories":["selectors/basic-css-selectors","version/1.0"],"entries":[{"return":"","signatures":{"added":"1.0","argument":{"desc":"An element to search for. Refers to the tagName of DOM nodes.","name":"element","type":"String"}},"examples":{"desc":"Finds every DIV element.","code":"\n$( \"div\" ).css( \"border\", \"9px solid red\" );\n","html":"\n<div>DIV1</div>\n<div>DIV2</div>\n<span>SPAN</span>\n","css":"\n  div, span {\n    width: 60px;\n    height: 60px;\n    float: left;\n    padding: 10px;\n    margin: 10px;\n    background-color: #eee;\n  }\n"},"longdesc":"\n    <p>JavaScript's <code>getElementsByTagName()</code> function is called to return the appropriate elements when this expression is used.</p>\n  "}],"slug":"element-selector"}