{"name":"event.isImmediatePropagationStopped","type":"method","title":"event.isImmediatePropagationStopped()","deprecated":null,"removed":null,"desc":"  Returns whether event.stopImmediatePropagation() was ever called on this event object. ","categories":["events/event-object","version/1.3"],"entries":[{"return":"Boolean","signatures":{"added":"1.3"},"examples":{"desc":"Checks whether event.stopImmediatePropagation() was called.","code":"\nfunction immediatePropStopped( event ) {\n  var msg = \"\";\n  if ( event.isImmediatePropagationStopped() ) {\n    msg = \"called\";\n  } else {\n    msg = \"not called\";\n  }\n  $( \"#stop-log\" ).append( \"<div>\" + msg + \"</div>\" );\n}\n\n$( \"button\" ).click(function( event ) {\n  immediatePropStopped( event );\n  event.stopImmediatePropagation();\n  immediatePropStopped( event );\n});\n","html":"\n<button>click me</button>\n<div id=\"stop-log\"></div>\n  "},"longdesc":"\n    <p>This property was introduced in <a href=\"http://www.w3.org/TR/2003/NOTE-DOM-Level-3-Events-20031107/events.html#Events-Event-isImmediatePropagationStopped\">DOM level 3</a>.</p>\n  "}]}