{"name":"event.pageY","type":"property","title":"event.pageY","deprecated":null,"removed":null,"desc":"The mouse position relative to the top edge of the document.","categories":["events/event-object","version/1.0.4"],"entries":[{"return":"Number","signatures":{"added":"1.0.4"},"examples":{"desc":"Show the mouse position relative to the left and top edges of the document (within this iframe).","css":"\n  body {\n    background-color: #eef;\n  }\n  div {\n    padding: 20px;\n  }\n","html":"\n<div id=\"log\"></div>\n","code":"\n$( document ).on( \"mousemove\", function( event ) {\n  $( \"#log\" ).text( \"pageX: \" + event.pageX + \", pageY: \" + event.pageY );\n});\n"},"longdesc":"   "}]}