{"name":"is","type":"method","title":".is()","deprecated":null,"removed":null,"desc":"Check the current matched set of elements against a selector, element, or jQuery object and return <code>true</code> if at least one of these elements matches the given arguments.","categories":["traversing/filtering","version/1.0","version/1.6","version/1.7"],"entries":[{"return":"Boolean","signatures":[{"added":"1.0","argument":{"desc":"A string containing a selector expression to match elements against.","name":"selector","type":"Selector"}},{"added":"1.6","argument":{"desc":"A function used as a test for the set of elements. It accepts one argument, <code>index</code>, which is the element's index in the jQuery collection.Within the function, <code>this</code> refers to the current DOM element. ","name":"function(index)","type":"Function"}},{"added":"1.6","argument":{"desc":"An existing jQuery object to match the current set of elements against.","name":"jQuery object","type":"Object"}},{"added":"1.6","argument":{"desc":"One or more elements to match the current set of elements against.","name":"elements","type":"Element"}}],"examples":[{"desc":"Shows a few ways is() can be used inside an event handler.","code":"\n$( \"div\" ).one( \"click\", function() {\n  if ( $( this ).is( \":first-child\" ) ) {\n    $( \"p\" ).text( \"It's the first div.\" );\n  } else if ( $( this ).is( \".blue,.red\" ) ) {\n    $( \"p\" ).text( \"It's a blue or red div.\" );\n  } else if ( $( this ).is( \":contains('Peter')\" ) ) {\n    $( \"p\" ).text( \"It's Peter!\" );\n  } else {\n    $( \"p\" ).html( \"It's nothing <em>special</em>.\" );\n  }\n  $( \"p\" ).hide().slideDown( \"slow\" );\n  $( this ).css({\n    \"border-style\": \"inset\",\n    cursor: \"default\"\n  });\n});\n","css":"\n  div {\n    width: 60px;\n    height: 60px;\n    margin: 5px;\n    float: left;\n    border: 4px outset;\n    background: green;\n    text-align: center;\n    font-weight: bolder;\n    cursor: pointer;\n  }\n  .blue {\n    background: blue;\n  }\n  .red {\n    background: red;\n  }\n  span {\n    color: white;\n    font-size: 16px;\n  }\n  p {\n    color: red;\n    font-weight: bolder;\n    background: yellow;\n    margin: 3px;\n    clear: left;\n    display: none;\n  }\n","html":"\n<div></div>\n<div class=\"blue\"></div>\n<div></div>\n<div class=\"red\"></div>\n<div><br/><span>Peter</span></div>\n<div class=\"blue\"></div>\n<p>&nbsp;</p>\n"},{"desc":"Returns true, because the parent of the input is a form element.","code":"\nvar isFormParent = $( \"input[type='checkbox']\" ).parent().is( \"form\" );\n$( \"div\" ).text( \"isFormParent = \" + isFormParent );\n","css":"\n  div {\n    color: red;\n  }\n","html":"\n<form>\n  <input type=\"checkbox\">\n</form>\n<div></div>\n"},{"desc":"Returns false, because the parent of the input is a p element.","code":"\nvar isFormParent = $( \"input[type='checkbox']\" ).parent().is( \"form\" );\n$( \"div\" ).text( \"isFormParent = \" + isFormParent );\n","css":"\n  div {\n    color: red;\n  }\n","html":"\n<form>\n  <p><input type=\"checkbox\"></p>\n</form>\n<div></div>\n"},{"desc":"Checks against an existing collection of alternating list elements. Blue, alternating list elements slide up while others turn red.","code":"\nvar alt = $( \"#browsers li:nth-child(2n)\" ).css( \"background\", \"#0ff\" );\n$( \"li\" ).click(function() {\n  var li = $( this );\n  if ( li.is( alt ) ) {\n    li.slideUp();\n  } else {\n    li.css( \"background\", \"red\" );\n  }\n});\n","css":"\n  li {\n    cursor: pointer;\n  }\n","html":"\n<ul id=\"browsers\">\n  <li>Chrome</li>\n  <li>Safari</li>\n  <li>Firefox</li>\n  <li>Opera</li>\n</ul>\n"},{"desc":"An alternate way to achieve the above example using an element rather than a jQuery object. Checks against an existing collection of alternating list elements. Blue, alternating list elements slide up while others turn red.","code":"\nvar alt = $( \"#browsers li:nth-child(2n)\" ).css( \"background\", \"#0ff\" );\n$( \"li\" ).click(function() {\n  if ( alt.is( this ) ) {\n    $( this ).slideUp();\n  } else {\n    $( this ).css( \"background\", \"red\" );\n  }\n});\n","css":"\n  li {\n    cursor: pointer;\n  }\n","html":"\n<ul id=\"browsers\">\n  <li>Chrome</li>\n  <li>Safari</li>\n  <li>Firefox</li>\n  <li>Opera</li>\n</ul>\n"}],"longdesc":"\n    <p>Unlike other filtering methods, <code>.is()</code> does not create a new jQuery object. Instead, it allows you to test the contents of a jQuery object without modification. This is often useful inside callbacks, such as event handlers.</p>\n    <p>Suppose you have a list, with two of its items containing a child element:</p>\n    <pre><code>\n&lt;ul&gt;\n  &lt;li&gt;list &lt;strong&gt;item 1&lt;/strong&gt;&lt;/li&gt;\n  &lt;li&gt;&lt;span&gt;list item 2&lt;/span&gt;&lt;/li&gt;\n  &lt;li&gt;list item 3&lt;/li&gt;\n&lt;/ul&gt;\n    </code></pre>\n    <p>You can attach a click handler to the &lt;ul&gt; element, and then limit the code to be triggered only when a list item itself, not one of its children, is clicked:</p>\n    <pre><code>\n$( \"ul\" ).click(function( event ) {\n  var target = $( event.target );\n  if ( target.is( \"li\" ) ) {\n    target.css( \"background-color\", \"red\" );\n  }\n});\n    </code></pre>\n    <p>Now, when the user clicks on the word \"list\" in the first item or anywhere in the third item, the clicked list item will be given a red background. However, when the user clicks on item 1 in the first item or anywhere in the second item, nothing will occur, because in those cases the target of the event would be <code>&lt;strong&gt;</code> or <code>&lt;span&gt;</code>, respectively.</p>\n    <p>Prior to jQuery 1.7, in selector strings with positional selectors such as <code>:first</code>, <code>:gt()</code>, or <code>:even</code>, the positional filtering is done against the jQuery object passed to <code>.is()</code>, <em>not</em> against the containing document. So for the HTML shown above, an expression such as <code>$( \"li:first\" ).is( \"li:last\" )</code> returns <code>true</code>, but <code>$( \"li:first-child\" ).is( \"li:last-child\" )</code> returns <code>false</code>. In addition, a bug in Sizzle prevented many positional selectors from working properly. These two factors made positional selectors almost unusable in filters.</p>\n    <p>Starting with jQuery 1.7, selector strings with positional selectors apply the selector against the document, and then determine whether the first element of the current jQuery set matches any of the resulting elements. So for the HTML shown above, an expression such as <code>$( \"li:first\" ).is( \"li:last\" )</code> returns <code>false</code>. Note that since positional selectors are jQuery additions and not W3C standard, we recommend using the W3C selectors whenever feasible.</p>\n    <h4>Using a Function</h4>\n    <p>The second form of this method evaluates expressions related to elements based on a function rather than a selector. For each element, if the function returns <code>true</code>, <code>.is()</code> returns <code>true</code> as well. For example, given a somewhat more involved HTML snippet:</p>\n    <pre><code>\n&lt;ul&gt;\n  &lt;li&gt;&lt;strong&gt;list&lt;/strong&gt; item 1 - one strong tag&lt;/li&gt;\n  &lt;li&gt;&lt;strong&gt;list&lt;/strong&gt; item &lt;strong&gt;2&lt;/strong&gt; -\n    two &lt;span&gt;strong tags&lt;/span&gt;&lt;/li&gt;\n  &lt;li&gt;list item 3&lt;/li&gt;\n  &lt;li&gt;list item 4&lt;/li&gt;\n  &lt;li&gt;list item 5&lt;/li&gt;\n&lt;/ul&gt;\n    </code></pre>\n    <p>You can attach a click handler to every <code>&lt;li&gt;</code> that evaluates the number of <code>&lt;strong&gt;</code> elements within the clicked <code>&lt;li&gt;</code> at that time like so:</p>\n    <pre><code>\n$( \"li\" ).click(function() {\n  var li = $( this ),\n    isWithTwo = li.is(function() {\n      return $( \"strong\", this ).length === 2;\n    });\n  if ( isWithTwo ) {\n    li.css( \"background-color\", \"green\" );\n  } else {\n    li.css( \"background-color\", \"red\" );\n  }\n});\n    </code></pre>\n  "}]}