{"name":"jQuery.Callbacks","type":"method","title":"jQuery.Callbacks()","deprecated":null,"removed":null,"desc":"A multi-purpose callbacks list object that provides a powerful way to manage callback lists.","categories":["callbacks-object","version/1.7"],"entries":[{"return":"Callbacks","signatures":{"added":"1.7","argument":{"desc":"An optional list of space-separated flags that change how the callback list behaves.","name":"flags","type":"String"}},"examples":null,"longdesc":"\n    <p>The <code>$.Callbacks()</code> function is internally used to provide the base functionality behind the jQuery <code>$.ajax()</code> and <code>$.Deferred()</code> components. It can be used as a similar base to define functionality for new components.</p>\n    <p><code>$.Callbacks()</code> supports a number of methods including <code><a href=\"/callbacks.add/\">callbacks.add()</a></code>,<code><a href=\"/callbacks.remove/\">callbacks.remove()</a></code>, <code><a href=\"/callbacks.fire/\">callbacks.fire()</a></code> and <code><a href=\"/callbacks.disable/\">callbacks.disable()</a></code>.</p>\n    <h3 id=\"getting-started\">Getting started</h3>\n    <p>The following are two sample methods named <code>fn1</code> and <code>fn2</code>:</p>\n    <pre><code>\nfunction fn1( value ) {\n  console.log( value );\n}\n\nfunction fn2( value ) {\n  console.log( \"fn2 says: \" + value );\n  return false;\n}\n    </code></pre>\n    <p>These can be added as callbacks to a <code>$.Callbacks</code> list and invoked as follows:</p>\n    <pre><code>\nvar callbacks = $.Callbacks();\ncallbacks.add( fn1 );\n\n// Outputs: foo!\ncallbacks.fire( \"foo!\" );\n\ncallbacks.add( fn2 );\n\n// Outputs: bar!, fn2 says: bar!\ncallbacks.fire( \"bar!\" );\n    </code></pre>\n    <p>The result of this is that it becomes simple to construct complex lists of callbacks where input values can be passed through to as many functions as needed with ease.</p>\n    <p>Two specific methods were being used above: <code>.add()</code> and <code>.fire()</code>. The <code>.add()</code> method supports adding new callbacks to the callback list, while the <code>.fire()</code> method executes the added functions and provides a way to pass arguments to be processed by the callbacks in the same list.</p>\n    <p>Another method supported by <code>$.Callbacks</code> is <code>.remove()</code>, which has the ability to remove a particular callback from the callback list. Here\"s a practical example of <code>.remove()</code> being used:</p>\n    <pre><code>\nvar callbacks = $.Callbacks();\ncallbacks.add( fn1 );\n\n// Outputs: foo!\ncallbacks.fire( \"foo!\" );\n\ncallbacks.add( fn2 );\n\n// Outputs: bar!, fn2 says: bar!\ncallbacks.fire( \"bar!\" );\n\ncallbacks.remove( fn2 );\n\n// Only outputs foobar, as fn2 has been removed.\ncallbacks.fire( \"foobar\" );\n    </code></pre>\n    <h3 id=\"supported-flags\">Supported Flags</h3>\n    <p>The <code>flags</code> argument is an optional argument to <code>$.Callbacks()</code>, structured as a list of space-separated strings that change how the callback list behaves (eg. <code>$.Callbacks( \"unique stopOnFalse\" )</code>).</p>\n    <h2>Possible flags:</h2>\n    <ul>\n      <li><code>once</code>: Ensures the callback list can only be fired once (like a Deferred).</li>\n      <li><code>memory</code>: Keeps track of previous values and will call any callback added after the list has been fired right away with the latest \"memorized\" values (like a Deferred).</li>\n      <li><code>unique</code>: Ensures a callback can only be added once (so there are no duplicates in the list).</li>\n      <li><code>stopOnFalse</code>: Interrupts callings when a callback returns false.</li>\n    </ul>\n    <p>By default a callback list will act like an event callback list and can be \"fired\" multiple times.</p>\n    <p>For examples of how <code>flags</code> should ideally be used, see below:</p>\n    <h2 id=\"once\"><code>$.Callbacks( \"once\" )</code>:</h2>\n    <pre><code>\nvar callbacks = $.Callbacks( \"once\" );\ncallbacks.add( fn1 );\ncallbacks.fire( \"foo\" );\ncallbacks.add( fn2 );\ncallbacks.fire( \"bar\" );\ncallbacks.remove( fn2 );\ncallbacks.fire( \"foobar\" );\n\n/*\noutput:\nfoo\n*/\n    </code></pre>\n    <h2 id=\"memory\"><code>$.Callbacks( \"memory\" )</code>:</h2>\n    <pre><code>\nvar callbacks = $.Callbacks( \"memory\" );\ncallbacks.add( fn1 );\ncallbacks.fire( \"foo\" );\ncallbacks.add( fn2 );\ncallbacks.fire( \"bar\" );\ncallbacks.remove( fn2 );\ncallbacks.fire( \"foobar\" );\n\n/*\noutput:\nfoo\nfn2 says:foo\nbar\nfn2 says:bar\nfoobar\n*/\n    </code></pre>\n    <h2 id=\"unique\"><code>$.Callbacks( \"unique\" )</code>:</h2>\n    <pre><code>\nvar callbacks = $.Callbacks( \"unique\" );\ncallbacks.add( fn1 );\ncallbacks.fire( \"foo\" );\ncallbacks.add( fn1 ); // Repeat addition\ncallbacks.add( fn2 );\ncallbacks.fire( \"bar\" );\ncallbacks.remove( fn2 );\ncallbacks.fire( \"foobar\" );\n\n/*\noutput:\nfoo\nbar\nfn2 says:bar\nfoobar\n*/\n    </code></pre>\n    <h2 id=\"stopOnFalse\"><code>$.Callbacks( \"stopOnFalse\" )</code>:</h2>\n    <pre><code>\nfunction fn1( value ) {\n  console.log( value );\n  return false;\n}\n\nfunction fn2( value ) {\n  fn1( \"fn2 says: \" + value );\n  return false;\n}\n\nvar callbacks = $.Callbacks( \"stopOnFalse\" );\ncallbacks.add( fn1 );\ncallbacks.fire( \"foo\" );\ncallbacks.add( fn2 );\ncallbacks.fire( \"bar\" );\ncallbacks.remove( fn2 );\ncallbacks.fire( \"foobar\" );\n\n/*\noutput:\nfoo\nbar\nfoobar\n*/\n    </code></pre>\n    <p>Because <code>$.Callbacks()</code> supports a list of flags rather than just one, setting several flags has a cumulative effect similar to \"&amp;&amp;\". This means it's possible to combine flags to create callback lists that, say, both are <i>unique</i> and <i>ensure if list was already fired, adding more callbacks will have it called with the latest fired value</i> (i.e. <code>$.Callbacks(\"unique memory\")</code>).</p>\n    <h2 id=\"unique-memory\"><code>$.Callbacks( 'unique memory' )</code>:</h2>\n    <pre><code>\nfunction fn1( value ) {\n  console.log( value );\n  return false;\n}\n\nfunction fn2( value ) {\n  fn1( \"fn2 says: \" + value );\n  return false;\n}\n\nvar callbacks = $.Callbacks( \"unique memory\" );\ncallbacks.add( fn1 );\ncallbacks.fire( \"foo\" );\ncallbacks.add( fn1 ); // Repeat addition\ncallbacks.add( fn2 );\ncallbacks.fire( \"bar\" );\ncallbacks.add( fn2 );\ncallbacks.fire( \"baz\" );\ncallbacks.remove( fn2 );\ncallbacks.fire( \"foobar\" );\n\n/*\noutput:\nfoo\nfn2 says:foo\nbar\nfn2 says:bar\nbaz\nfn2 says:baz\nfoobar\n*/\n</code></pre>\n    <p>Flag combinations with <code>$.Callbacks()</code> are internally in jQuery for the <code>.done()</code> and <code>.fail()</code> functions on a Deferred — both of which use <code>$.Callbacks('memory once')</code>.</p>\n    <p>The methods of <code>$.Callbacks</code> can also be detached, should there be a need to define short-hand versions for convenience:</p>\n    <pre><code>\nvar callbacks = $.Callbacks(),\n  add = callbacks.add,\n  remove = callbacks.remove,\n  fire = callbacks.fire;\n\nadd( fn1 );\nfire( \"hello world\" );\nremove( fn1 );\n    </code></pre>\n    <h3 id=\"pubsub\">$.Callbacks, $.Deferred and Pub/Sub</h3>\n    <p>The general idea behind pub/sub (Publish/Subscribe, or, the Observer pattern) is the promotion of loose coupling in applications. Rather than single objects calling on the methods of other objects, an object instead subscribes to a specific task or activity of another object and is notified when it occurs. Observers are also called Subscribers, and we refer to the object being observed as the Publisher (or the subject). Publishers notify subscribers when events occur.</p>\n    <p>To demonstrate the component-creation capabilities of <code>$.Callbacks()</code>, it's possible to implement a Pub/Sub system using only callback lists. Using <code>$.Callbacks</code> as a topics queue, a system for publishing and subscribing to topics can be implemented as follows:</p>\n    <pre><code>\nvar topics = {};\n\njQuery.Topic = function( id ) {\n  var callbacks, method,\n    topic = id &amp;&amp; topics[ id ];\n\n  if ( !topic ) {\n    callbacks = jQuery.Callbacks();\n    topic = {\n      publish: callbacks.fire,\n      subscribe: callbacks.add,\n      unsubscribe: callbacks.remove\n    };\n    if ( id ) {\n      topics[ id ] = topic;\n    }\n  }\n  return topic;\n};\n    </code></pre>\n    <p>This can then be used by parts of your application to publish and subscribe to events of interest quite easily:</p>\n    <pre><code>\n// Subscribers\n$.Topic( \"mailArrived\" ).subscribe( fn1 );\n$.Topic( \"mailArrived\" ).subscribe( fn2 );\n$.Topic( \"mailSent\" ).subscribe( fn1 );\n\n// Publisher\n$.Topic( \"mailArrived\" ).publish( \"hello world!\" );\n$.Topic( \"mailSent\" ).publish( \"woo! mail!\" );\n\n// Here, \"hello world!\" gets pushed to fn1 and fn2\n// when the \"mailArrived\" notification is published\n// with \"woo! mail!\" also being pushed to fn1 when\n// the \"mailSent\" notification is published.\n\n/*\noutput:\nhello world!\nfn2 says: hello world!\nwoo! mail!\n*/\n    </code></pre>\n    <p>While this is useful, the implementation can be taken further. Using <code>$.Deferreds</code>,  it's possible to ensure publishers only publish notifications for subscribers once particular tasks have been completed (resolved). See the below code sample for some further comments on how this could be used in practice:</p>\n    <pre><code>\n// Subscribe to the mailArrived notification\n$.Topic( \"mailArrived\" ).subscribe( fn1 );\n\n// Create a new instance of Deferreds\nvar dfd = $.Deferred();\n\n// Define a new topic (without directly publishing)\nvar topic = $.Topic( \"mailArrived\" );\n\n// When the deferred has been resolved, publish a\n// notification to subscribers\ndfd.done( topic.publish );\n\n// Here the Deferred is being resolved with a message\n// that will be passed back to subscribers. It's possible to\n// easily integrate this into a more complex routine\n// (eg. waiting on an ajax call to complete) so that\n// messages are only published once the task has actually\n// finished.\ndfd.resolve( \"it's been published!\" );\n    </code></pre>\n  "}]}