{"name":"nth-of-type","type":"selector","title":":nth-of-type() Selector","deprecated":null,"removed":null,"desc":"Selects all elements that are the nth child of their parent in relation to siblings with the same element name.","categories":["selectors/child-filter-selectors","version/1.9"],"entries":[{"return":"","signatures":{"added":"1.9","argument":{"desc":"The index of each child to match, starting with <code>1</code>, the string <code>even</code> or <code>odd</code>, or an equation ( eg. <code>:nth-of-type(even)</code>, <code>:nth-of-type(4n)</code> )","name":"index","type":"Number/String"}},"examples":{"desc":"Find each span that is second in relation to its sibling spans.","code":"\n$( \"span:nth-of-type(2)\" )\n  .append( \"<span> is 2nd sibling span</span>\" )\n  .addClass( \"nth\" );\n","css":"\n  .nth {\n    color: red;\n  }\n","html":"\n<div>\n  <span>John</span>,\n  <b>Kim</b>,\n  <span>Adam</span>,\n  <b>Rafael</b>,\n  <span>Oleg</span>\n</div>\n<div>\n  <b>Dave</b>,\n  <span>Ann</span>\n</div>\n<div>\n  <i><span>Maurice</span></i>,\n  <span>Richard</span>,\n  <span>Ralph</span>,\n  <span>Jason</span>\n</div>\n"},"longdesc":"\n    <p>Because jQuery's implementation of <code>:nth-</code> selectors is strictly derived from the CSS specification, the value of <code>n</code> is \"1-indexed\", meaning that the counting starts at 1. For other selector expressions such as <code>:eq()</code> or <code>:even</code> jQuery follows JavaScript's \"0-indexed\" counting. </p>\n    <p>Further discussion of this usage can be found in the <a href=\"http://www.w3.org/TR/css3-selectors/#nth-of-type-pseudo\">W3C CSS specification</a>.</p>\n  "}],"slug":"nth-of-type-selector"}