{"name":"only-of-type","type":"selector","title":":only-of-type Selector","deprecated":null,"removed":null,"desc":"Selects all elements that have no siblings with the same element name.","categories":["selectors/child-filter-selectors","version/1.9"],"entries":[{"return":"","signatures":{"added":"1.9"},"examples":{"desc":"Change the text and add a border for each button that is the only child button of its parent.","code":"\n  $( \"button:only-of-type\" ).text( \"Alone\" ).css( \"border\", \"2px blue solid\" );\n","css":"\n  div {\n    width: 100px;\n    height: 80px;\n    margin: 5px;\n    float: left;\n    background: #b9e;\n  }\n  span {\n    padding: 2px;\n    margin: 3px;\n    line-height: 1.4;\n    border: 1px solid #000;\n  }\n","html":"\n<div>\n  <button>Sibling!</button>\n  <button>Sibling!</button>\n</div>\n\n<div>\n  <button>Sibling!</button>\n</div>\n<div>\n  None\n</div>\n\n<div>\n  <button>Sibling!</button>\n  <span>Sibling!</span>\n  <span>Sibling!</span>\n</div>\n\n<div>\n  <button>Sibling!</button>\n</div>\n"},"longdesc":"\n    <p>If the parent has other child elements with the same element name, nothing is matched.</p>\n  "}],"slug":"only-of-type-selector"}