{"name":"parentsUntil","type":"method","title":".parentsUntil()","deprecated":null,"removed":null,"desc":"Get the ancestors of each element in the current set of matched elements, up to but not including the element matched by the selector, DOM node, or jQuery object.","categories":["traversing/tree-traversal","version/1.4","version/1.6"],"entries":[{"return":"jQuery","signatures":[{"added":"1.4","argument":[{"desc":"A string containing a selector expression to indicate where to stop matching ancestor elements.","name":"selector","optional":"true","type":"Selector"},{"desc":"A string containing a selector expression to match elements against.","name":"filter","optional":"true","type":"Selector"}]},{"added":"1.6","argument":[{"desc":"A DOM node or jQuery object indicating where to stop matching ancestor elements.","name":"element","optional":"true","type":"Element"},{"desc":"A string containing a selector expression to match elements against.","name":"filter","optional":"true","type":"Selector"}]}],"examples":{"height":"220px","desc":"Find the ancestors of <li class=\"item-a\"> up to <ul class=\"level-1\"> and give them a red background color. Also, find ancestors of <li class=\"item-2\"> that have a class of \"yes\" up to <ul class=\"level-1\"> and give them a green border.","code":"\n$( \"li.item-a\" )\n  .parentsUntil( \".level-1\" )\n    .css( \"background-color\", \"red\" );\n\n$( \"li.item-2\" )\n  .parentsUntil( $( \"ul.level-1\" ), \".yes\" )\n    .css( \"border\", \"3px solid green\" );\n","html":"\n<ul class=\"level-1 yes\">\n  <li class=\"item-i\">I</li>\n  <li class=\"item-ii\">II\n    <ul class=\"level-2 yes\">\n      <li class=\"item-a\">A</li>\n      <li class=\"item-b\">B\n        <ul class=\"level-3\">\n          <li class=\"item-1\">1</li>\n          <li class=\"item-2\">2</li>\n          <li class=\"item-3\">3</li>\n        </ul>\n      </li>\n      <li class=\"item-c\">C</li>\n    </ul>\n  </li>\n  <li class=\"item-iii\">III</li>\n</ul>\n"},"longdesc":"\n    <p>Given a selector expression that represents a set of DOM elements, the <code>.parentsUntil()</code> method traverses through the ancestors of these elements until it reaches an element matched by the selector passed in the method's argument. The resulting jQuery object contains all of the ancestors up to but not including the one matched by the <code>.parentsUntil()</code> selector.</p>\n    <p>If the selector is not matched or is not supplied, all ancestors will be selected; in these cases it selects the same elements as the <code>.parents()</code> method does when no selector is provided.</p>\n    <p><strong>As of jQuery 1.6</strong>, A DOM node or jQuery object, instead of a selector, may be used for the first <strong>.parentsUntil()</strong> argument.</p>\n    <p>The method optionally accepts a selector expression for its second argument. If this argument is supplied, the elements will be filtered by testing whether they match it.</p>\n  "}]}