{"name":"prepend","type":"method","title":".prepend()","deprecated":null,"removed":null,"desc":"Insert content, specified by the parameter, to the beginning of each element in the set of matched elements.","categories":["manipulation/dom-insertion-inside","version/1.0","version/1.4"],"entries":[{"return":"jQuery","signatures":[{"added":"1.0","argument":[{"desc":"DOM element, array of elements, HTML string, or jQuery object to insert at the beginning of each element in the set of matched elements.","type":[{"name":"htmlString"},{"name":"Element"},{"name":"Array"},{"name":"jQuery"}],"name":"content"},{"type":[{"name":"htmlString"},{"name":"Element"},{"name":"Array"},{"name":"jQuery"}],"desc":"One or more additional DOM elements, arrays of elements, HTML strings, or jQuery objects to insert at the beginning of each element in the set of matched elements.","name":"content","optional":"true"}]},{"added":"1.4","argument":{"desc":"A function that returns an HTML string, DOM element(s), or jQuery object to insert at the beginning of each element in the set of matched elements. Receives the index position of the element in the set and the old HTML value of the element as arguments. Within the function, <code>this</code> refers to the current element in the set.","name":"function(index, html)","type":"Function"}}],"examples":[{"desc":"Prepends some HTML to all paragraphs.","code":"\n$( \"p\" ).prepend( \"<b>Hello </b>\" );\n","css":"\n  p {\n    background: yellow;\n  }\n","html":"\n<p>there, friend!</p>\n<p>amigo!</p>\n"},{"desc":"Prepends a DOM Element to all paragraphs.","code":"\n$( \"p\" ).prepend( document.createTextNode( \"Hello \" ) );\n","css":"\n  p {\n    background: yellow;\n  }\n","html":"\n<p>is what I'd say</p>\n<p>is what I said</p>\n"},{"desc":"Prepends a jQuery object (similar to an Array of DOM Elements) to all paragraphs.","code":"\n$( \"p\" ).prepend( $( \"b\" ) );\n","css":"\n  p {\n    background: yellow;\n  }\n","html":"\n<p> is what was said.</p><b>Hello</b>\n"}],"longdesc":"\n    <p>The <code>.prepend()</code> method inserts the specified content as the first child of each element in the jQuery collection (To insert it as the <em>last</em> child, use <a href=\"/append/\"><code>.append()</code></a>). </p>\n    <p>The <code>.prepend()</code> and <code><a href=\"/prependTo/\">.prependTo()</a></code> methods perform the same task. The major difference is in the syntax&#x2014;specifically, in the placement of the content and target. With <code>.prepend()</code>, the selector expression preceding the method is the container into which the content is inserted. With <code>.prependTo()</code>, on the other hand, the content precedes the method, either as a selector expression or as markup created on the fly, and it is inserted into the target container.</p>\n    <p>Consider the following HTML:</p>\n    <pre><code>\n&lt;h2&gt;Greetings&lt;/h2&gt;\n&lt;div class=\"container\"&gt;\n  &lt;div class=\"inner\"&gt;Hello&lt;/div&gt;\n  &lt;div class=\"inner\"&gt;Goodbye&lt;/div&gt;\n&lt;/div&gt;\n    </code></pre>\n    <p>You can create content and insert it into several elements at once:</p>\n    <pre><code>\n$( \".inner\" ).prepend( \"&lt;p&gt;Test&lt;/p&gt;\" );\n    </code></pre>\n    <p>Each <code>&lt;div class=\"inner\"&gt;</code> element gets this new content:</p>\n    <pre><code>\n&lt;h2&gt;Greetings&lt;/h2&gt;\n&lt;div class=\"container\"&gt;\n  &lt;div class=\"inner\"&gt;\n    &lt;p&gt;Test&lt;/p&gt;\n    Hello\n  &lt;/div&gt;\n  &lt;div class=\"inner\"&gt;\n    &lt;p&gt;Test&lt;/p&gt;\n    Goodbye\n  &lt;/div&gt;\n&lt;/div&gt;\n</code></pre>\n    <p>You can also select an element on the page and insert it into another:</p>\n    <pre><code>\n$( \".container\" ).prepend( $( \"h2\" ) );\n    </code></pre>\n    <p>If <em>a single element</em> selected this way is inserted into a single location elsewhere in the DOM, it will be moved into the target (<em>not cloned</em>):</p>\n    <pre><code>\n&lt;div class=\"container\"&gt;\n    &lt;h2&gt;Greetings&lt;/h2&gt;\n    &lt;div class=\"inner\"&gt;Hello&lt;/div&gt;\n    &lt;div class=\"inner\"&gt;Goodbye&lt;/div&gt;\n&lt;/div&gt;\n</code></pre>\n    <p><strong>Important</strong>: If there is more than one target element, however, cloned copies of the inserted element will be created for each target after the first.</p>\n    <h4 id=\"additional-arguments\">Additional Arguments</h4>\n    <p>Similar to other content-adding methods such as <code><a href=\"/append/\">.append()</a></code> and <code><a href=\"/before/\">.before()</a></code>, <code>.prepend()</code> also supports passing in multiple arguments as input. Supported input includes DOM elements, jQuery objects, HTML strings, and arrays of DOM elements.</p>\n    <p>For example, the following will insert two new <code>&lt;div&gt;</code>s and an existing <code>&lt;div&gt;</code> as the first three child nodes of the body:</p>\n    <pre><code>\nvar $newdiv1 = $( \"&lt;div id='object1'/&gt;\"),\n  newdiv2 = document.createElement( \"div\" ),\n  existingdiv1 = document.getElementById( \"foo\" );\n\n$( \"body\" ).prepend( $newdiv1, [ newdiv2, existingdiv1 ] );\n    </code></pre>\n    <p>Since <code>.prepend()</code> can accept any number of additional arguments, the same result can be achieved by passing in the three <code>&lt;div&gt;</code>s as three separate arguments, like so: <code>$( \"body\" ).prepend( $newdiv1, newdiv2, existingdiv1 )</code>. The type and number of arguments will largely depend on how you collect the elements in your code.</p>\n  "}]}