{"name":"remove","type":"method","title":".remove()","deprecated":null,"removed":null,"desc":"Remove the set of matched elements from the DOM.","categories":["manipulation/dom-removal","version/1.0"],"entries":[{"return":"jQuery","signatures":{"added":"1.0","argument":{"desc":"A selector expression that filters the set of matched elements to be removed.","name":"selector","optional":"true","type":"String"}},"examples":[{"desc":"Removes all paragraphs from the DOM","code":"\n$( \"button\" ).click(function() {\n  $( \"p\" ).remove();\n});\n","css":"\n  p {\n    background: yellow;\n    margin: 6px 0;\n  }\n","html":"\n<p>Hello</p>\nhow are\n<p>you?</p>\n<button>Call remove() on paragraphs</button>\n"},{"desc":"Removes all paragraphs that contain \"Hello\" from the DOM.  Analogous to doing <code>$(\"p\").filter(\":contains('Hello')\").remove()</code>.","code":"\n$( \"button\" ).click(function() {\n  $( \"p\" ).remove( \":contains('Hello')\" );\n});\n","css":"\n  p {\n    background: yellow;\n    margin: 6px 0;\n  }\n","html":"\n<p class=\"hello\">Hello</p>\nhow are\n<p>you?</p>\n<button>Call remove( \":contains('Hello')\" ) on paragraphs</button>\n"}],"longdesc":"\n    <p>Similar to <code><a href=\"/empty/\">.empty()</a></code>, the <code>.remove()</code> method takes elements out of the DOM. Use <code>.remove()</code> when you want to remove the element itself, as well as everything inside it. In addition to the elements themselves, all bound events and jQuery data  associated with the elements are removed. To remove the elements without removing data and events, use <code><a href=\"/detach/\">.detach()</a></code> instead.</p>\n    <p>Consider the following HTML:</p>\n    <pre><code>\n&lt;div class=\"container\"&gt;\n  &lt;div class=\"hello\"&gt;Hello&lt;/div&gt;\n  &lt;div class=\"goodbye\"&gt;Goodbye&lt;/div&gt;\n&lt;/div&gt;\n    </code></pre>\n    <p>We can target any element for removal:</p>\n    <pre><code>\n$( \".hello\" ).remove();\n    </code></pre>\n    <p>This will result in a DOM structure with the <code>&lt;div&gt;</code> element deleted:</p>\n    <pre><code>\n&lt;div class=\"container\"&gt;\n  &lt;div class=\"goodbye\"&gt;Goodbye&lt;/div&gt;\n&lt;/div&gt;\n    </code></pre>\n    <p>If we had any number of nested elements inside <code>&lt;div class=\"hello\"&gt;</code>, they would be removed, too. Other jQuery constructs such as data or event handlers are erased as well.</p>\n    <p>We can also include a selector as an optional parameter. For example, we could rewrite the previous DOM removal code as follows:</p>\n    <pre><code>\n$( \"div\" ).remove( \".hello\" );\n    </code></pre>\n    <p>This would result in the same DOM structure:</p>\n    <pre><code>\n&lt;div class=\"container\"&gt;\n  &lt;div class=\"goodbye\"&gt;Goodbye&lt;/div&gt;\n&lt;/div&gt;\n    </code></pre>\n  "}]}