{"name":"reset","type":"selector","title":":reset Selector","deprecated":null,"removed":null,"desc":"Selects all elements of type reset.","categories":["selectors/form-selectors","selectors/jquery-selector-extensions","version/1.0"],"entries":[{"return":"","signatures":{"added":"1.0"},"examples":{"desc":"Finds all reset inputs.","code":"\nvar input = $( \"input:reset\" ).css({\n  background: \"yellow\",\n  border: \"3px red solid\"\n});\n$( \"div\" )\n  .text( \"For this type jQuery found \" + input.length + \".\" )\n  .css( \"color\", \"red\" );\n\n// Prevent form submission\n$( \"form\" ).submit(function( event ) {\n  event.preventDefault();\n});\n","css":"\n  textarea {\n    height: 45px;\n  }\n","html":"\n<form>\n  <input type=\"button\" value=\"Input Button\">\n  <input type=\"checkbox\">\n  <input type=\"file\">\n  <input type=\"hidden\">\n  <input type=\"image\">\n  <input type=\"password\">\n  <input type=\"radio\">\n  <input type=\"reset\">\n  <input type=\"submit\">\n  <input type=\"text\">\n  <select>\n    <option>Option</option>\n  </select>\n  <textarea></textarea>\n  <button>Button</button>\n</form>\n<div></div>\n"},"longdesc":"\n    <p><code>:reset</code> is equivalent to <code>[type=\"reset\"]</code></p>\n  "}],"slug":"reset-selector"}