{"name":"wrapInner","type":"method","title":".wrapInner()","deprecated":null,"removed":null,"desc":"Wrap an HTML structure around the content of each element in the set of matched elements.","categories":["manipulation/dom-insertion-around","version/1.2","version/1.4"],"entries":[{"return":"jQuery","signatures":[{"added":"1.2","argument":{"desc":"An HTML snippet, selector expression, jQuery object, or DOM element specifying the structure to wrap around the content of the matched elements.","name":"wrappingElement","type":"String"}},{"added":"1.4","argument":{"desc":"A callback function which generates a structure to wrap around the content of the matched elements. Receives the index position of the element in the set as an argument. Within the function, <code>this</code> refers to the current element in the set.","name":"function(index)","type":"Function"}}],"examples":[{"desc":"Selects all paragraphs and wraps a bold tag around each of its contents.","code":"\n$( \"p\" ).wrapInner( \"<b></b>\" );\n","css":"\n  p {\n    background: #bbf;\n  }\n","html":"\n<p>Hello</p>\n<p>cruel</p>\n<p>World</p>\n"},{"desc":"Wraps a newly created tree of objects around the inside of the body.","code":"\n$( \"body\" ).wrapInner( \"<div><div><p><em><b></b></em></p></div></div>\" );\n","css":"\n  div {\n    border: 2px green solid;\n    margin: 2px;\n    padding: 2px;\n  }\n  p {\n    background: yellow;\n    margin: 2px;\n    padding: 2px;\n  }\n","html":"\nPlain old text, or is it?\n"},{"desc":"Selects all paragraphs and wraps a bold tag around each of its contents.","code":"\n$( \"p\" ).wrapInner( document.createElement( \"b\" ) );\n","css":"\n  p {\n    background: #9f9;\n  }\n","html":"\n<p>Hello</p>\n<p>cruel</p>\n<p>World</p>\n"},{"desc":"Selects all paragraphs and wraps a jQuery object around each of its contents.","code":"\n$( \"p\" ).wrapInner( $( \"<span class='red'></span>\" ) );\n","css":"\n  p {\n    background: #9f9;\n  }\n  .red {\n    color: red;\n  }\n","html":"\n<p>Hello</p>\n<p>cruel</p>\n<p>World</p>\n"}],"longdesc":"\n    <p>The <code>.wrapInner()</code> function can take any string or object that could be passed to the <code>$()</code> factory function to specify a DOM structure. This structure may be nested several levels deep, but should contain only one inmost element. The structure will be wrapped around the content of each of the elements in the set of matched elements.</p>\n    <p>Consider the following HTML:</p>\n    <pre><code>\n&lt;div class=\"container\"&gt;\n  &lt;div class=\"inner\"&gt;Hello&lt;/div&gt;\n  &lt;div class=\"inner\"&gt;Goodbye&lt;/div&gt;\n&lt;/div&gt;\n    </code></pre>\n    <p>Using <code>.wrapInner()</code>, we can insert an HTML structure around the content of each inner <code>&lt;div&gt;</code> elements like so:</p>\n    <pre><code>\n$( \".inner\" ).wrapInner( \"&lt;div class='new'&gt;&lt;/div&gt;\");\n    </code></pre>\n    <p>The new <code>&lt;div&gt;</code> element is created on the fly and added to the DOM. The result is a new <code>&lt;div&gt;</code> wrapped around the content of each matched element:</p>\n    <pre><code>\n&lt;div class=\"container\"&gt;\n  &lt;div class=\"inner\"&gt;\n    &lt;div class=\"new\"&gt;Hello&lt;/div&gt;\n  &lt;/div&gt;\n  &lt;div class=\"inner\"&gt;\n    &lt;div class=\"new\"&gt;Goodbye&lt;/div&gt;\n  &lt;/div&gt;\n&lt;/div&gt;\n    </code></pre>\n    <p>The second version of this method allows us to instead specify a callback function. This callback function will be called once for every matched element; it should return a DOM element, jQuery object, or HTML snippet in which to wrap the content of the corresponding element. For example:</p>\n    <pre><code>\n$( \".inner\" ).wrapInner(function() {\n  return \"&lt;div class='\" + this.nodeValue + \"'&gt;&lt;/div&gt;\";\n});\n    </code></pre>\n    <p>This will cause each <code>&lt;div&gt;</code> to have a class corresponding to the text it wraps:</p>\n    <pre><code>\n&lt;div class=\"container\"&gt;\n  &lt;div class=\"inner\"&gt;\n    &lt;div class=\"Hello\"&gt;Hello&lt;/div&gt;\n  &lt;/div&gt;\n  &lt;div class=\"inner\"&gt;\n    &lt;div class=\"Goodbye\"&gt;Goodbye&lt;/div&gt;\n  &lt;/div&gt;\n&lt;/div&gt;\n    </code></pre>\n    <p><strong>Note:</strong> When passing a selector string to the <code>.wrapInner()</code> function, the expected input is well formed HTML with correctly closed tags. Examples of valid input include:</p>\n    <pre><code>\n$( elem ).wrapInner( \"&lt;div class='test'&gt;&lt;/div&gt;\" );\n$( elem ).wrapInner( \"&lt;div class=\\\"test\\\"&gt;&lt;/div&gt;\" );\n    </code></pre>\n  "}]}