{"_id":{"$oid":"68bc7a320245f8f09868bffe"},"Date":"2025-01-01","Song":"Last Christmas","Artist":"Wham!","Rank":3,"Last Week":3,"Peak Position":3,"Weeks in Charts":45,"Image URL":"https://charts-static.billboard.com/img/1998/01/wham-pyz-lastchristmas-xhm-180x180.jpg"}
{"_id":{"$oid":"68bc7a320245f8f09868bfff"},"Date":"2025-01-01","Song":"Jingle Bell Rock","Artist":"Bobby Helms","Rank":4,"Last Week":4,"Peak Position":3,"Weeks in Charts":61,"Image URL":"https://charts-static.billboard.com/img/1958/12/bobby-helms-elv-jinglebellrock-dkg-180x180.jpg"}
{"_id":{"$oid":"68bc7a320245f8f09868c000"},"Date":"2025-01-01","Song":"Santa Tell Me","Artist":"Ariana Grande","Rank":5,"Last Week":9,"Peak Position":5,"Weeks in Charts":29,"Image URL":"https://charts-static.billboard.com/img/2014/12/ariana-grande-i9s-santatellme-st8-180x180.jpg"}
{"_id":{"$oid":"68bc7a320245f8f09868c001"},"Date":"2025-01-01","Song":"A Holly Jolly Christmas","Artist":"Burl Ives","Rank":6,"Last Week":5,"Peak Position":4,"Weeks in Charts":45,"Image URL":"https://charts-static.billboard.com/img/1998/01/burl-ives-2ew-ahollyjollychristmas-iae-180x180.jpg"}
{"_id":{"$oid":"68bc7a320245f8f09868c002"},"Date":"2025-01-01","Song":"It's The Most Wonderful Time Of The Year","Artist":"Andy Williams","Rank":7,"Last Week":7,"Peak Position":5,"Weeks in Charts":45,"Image URL":"https://charts-static.billboard.com/img/2001/12/andy-williams-6it-itsthemostwonderfultimeoftheyear-8ww-180x180.jpg"}
{"_id":{"$oid":"68bc7a320245f8f09868c003"},"Date":"2025-01-01","Song":"Let It Snow! Let It Snow! Let It Snow!","Artist":"Dean Martin","Rank":8,"Last Week":8,"Peak Position":7,"Weeks in Charts":36,"Image URL":"https://charts-static.billboard.com/img/2011/12/dean-martin-000-letitsnowletitsnowletitsnow-ipd-180x180.jpg"}
{"_id":{"$oid":"68bc7a320245f8f09868c004"},"Date":"2025-01-01","Song":"All I Want For Christmas Is You","Artist":"Mariah Carey","Rank":1,"Last Week":1,"Peak Position":1,"Weeks in Charts":71,"Image URL":"https://charts-static.billboard.com/img/1994/12/mariah-carey-3ak-alliwantforchristmasisyou-7ve-180x180.jpg"}
{"_id":{"$oid":"68bc7a320245f8f09868c005"},"Date":"2025-01-01","Song":"Underneath The Tree","Artist":"Kelly Clarkson","Rank":9,"Last Week":10,"Peak Position":9,"Weeks in Charts":32,"Image URL":"https://charts-static.billboard.com/img/2013/11/kelly-clarkson-w89-underneaththetree-hcd-180x180.jpg"}
{"_id":{"$oid":"68bc7a320245f8f09868c008"},"Date":"2025-01-01","Song":"Rockin' Around The Christmas Tree","Artist":"Brenda Lee","Rank":2,"Last Week":2,"Peak Position":1,"Weeks in Charts":64,"Image URL":"https://charts-static.billboard.com/img/1960/12/brenda-lee-we3-rockinaroundthechristmastree-lnw-180x180.jpg"}
{"_id":{"$oid":"68bc7a320245f8f09868c00a"},"Date":"2025-01-01","Song":"The Christmas Song (Merry Christmas To You)","Artist":"Nat King Cole","Rank":10,"Last Week":14,"Peak Position":9,"Weeks in Charts":49,"Image URL":"https://charts-static.billboard.com/img/1960/12/nat-king-cole-4rw-thechristmassongmerrychristmastoyou-t9m-180x180.jpg"}
{"_id":{"$oid":"68bc7a320245f8f09868c062"},"Date":"2025-01-08","Song":"Die With A Smile","Artist":"Lady Gaga & Bruno Mars","Rank":1,"Last Week":17,"Peak Position":1,"Weeks in Charts":20,"Image URL":"https://charts-static.billboard.com/img/2024/08/lady-gaga-r3b-diewithasmile-6og-180x180.jpg"}
{"_id":{"$oid":"68bc7a320245f8f09868c063"},"Date":"2025-01-08","Song":"A Bar Song (Tipsy)","Artist":"Shaboozey","Rank":2,"Last Week":24,"Peak Position":1,"Weeks in Charts":38,"Image URL":"https://charts-static.billboard.com/img/2024/04/shaboozey-2wm-abarsongtipsy-bat-180x180.jpg"}
{"_id":{"$oid":"68bc7a320245f8f09868c064"},"Date":"2025-01-08","Song":"Birds Of A Feather","Artist":"Billie Eilish","Rank":3,"Last Week":28,"Peak Position":2,"Weeks in Charts":33,"Image URL":"https://charts-static.billboard.com/img/2024/06/billie-eilish-lrt-birdsofafeather-7iy-180x180.jpg"}
{"_id":{"$oid":"68bc7a320245f8f09868c065"},"Date":"2025-01-08","Song":"Lose Control","Artist":"Teddy Swims","Rank":4,"Last Week":1,"Peak Position":72,"Weeks in Charts":"-","Image URL":"https://charts-static.billboard.com/img/2023/07/teddyswims-loq-losecontrol-4kx-180x180.jpg"}
{"_id":{"$oid":"68bc7a320245f8f09868c066"},"Date":"2025-01-08","Song":"APT.","Artist":"ROSE & Bruno Mars","Rank":5,"Last Week":34,"Peak Position":5,"Weeks in Charts":11,"Image URL":"https://charts-static.billboard.com/img/2024/10/rose-fy3-apt-kne-180x180.jpg"}
{"_id":{"$oid":"68bc7a320245f8f09868c067"},"Date":"2025-01-08","Song":"That's So True","Artist":"Gracie Abrams","Rank":6,"Last Week":33,"Peak Position":6,"Weeks in Charts":11,"Image URL":"https://charts-static.billboard.com/img/2024/11/gracieabrams-wqa-thatssotrue-rob-180x180.jpg"}
{"_id":{"$oid":"68bc7a320245f8f09868c068"},"Date":"2025-01-08","Song":"Luther","Artist":"Kendrick Lamar & SZA","Rank":7,"Last Week":27,"Peak Position":3,"Weeks in Charts":6,"Image URL":"#"}
{"_id":{"$oid":"68bc7a320245f8f09868c069"},"Date":"2025-01-08","Song":"I Had Some Help","Artist":"Post Malone Featuring Morgan Wallen","Rank":8,"Last Week":47,"Peak Position":1,"Weeks in Charts":34,"Image URL":"https://charts-static.billboard.com/img/2024/05/post-malone-uhe-ihadsomehelp-1sg-180x180.jpg"}
{"_id":{"$oid":"68bc7a320245f8f09868c06a"},"Date":"2025-01-08","Song":"Espresso","Artist":"Sabrina Carpenter","Rank":9,"Last Week":46,"Peak Position":3,"Weeks in Charts":38,"Image URL":"https://charts-static.billboard.com/img/2024/04/sabrina-carpenter-3b3-espresso-c1a-180x180.jpg"}
{"_id":{"$oid":"68bc7a320245f8f09868c06b"},"Date":"2025-01-08","Song":"Taste","Artist":"Sabrina Carpenter","Rank":10,"Last Week":41,"Peak Position":2,"Weeks in Charts":19,"Image URL":"https://charts-static.billboard.com/img/2024/08/sabrina-carpenter-3b3-taste-tig-180x180.jpg"}
{"_id":{"$oid":"68bc7a320245f8f09868c0c6"},"Date":"2025-01-15","Song":"Die With A Smile","Artist":"Lady Gaga & Bruno Mars","Rank":1,"Last Week":1,"Peak Position":1,"Weeks in Charts":21,"Image URL":"https://charts-static.billboard.com/img/2024/08/lady-gaga-r3b-diewithasmile-6og-180x180.jpg"}
{"_id":{"$oid":"68bc7a320245f8f09868c0c7"},"Date":"2025-01-15","Song":"A Bar Song (Tipsy)","Artist":"Shaboozey","Rank":2,"Last Week":2,"Peak Position":1,"Weeks in Charts":39,"Image URL":"https://charts-static.billboard.com/img/2024/04/shaboozey-2wm-abarsongtipsy-bat-180x180.jpg"}
{"_id":{"$oid":"68bc7a320245f8f09868c0c8"},"Date":"2025-01-15","Song":"Birds Of A Feather","Artist":"Billie Eilish","Rank":3,"Last Week":3,"Peak Position":2,"Weeks in Charts":34,"Image URL":"https://charts-static.billboard.com/img/2024/06/billie-eilish-lrt-birdsofafeather-7iy-180x180.jpg"}
{"_id":{"$oid":"68bc7a320245f8f09868c0c9"},"Date":"2025-01-15","Song":"Smile","Artist":"Morgan Wallen","Rank":4,"Last Week":27,"Peak Position":4,"Weeks in Charts":2,"Image URL":"https://charts-static.billboard.com/img/2025/01/morgan-wallen-z1m-smile-01r-180x180.jpg"}
{"_id":{"$oid":"68bc7a320245f8f09868c0ca"},"Date":"2025-01-15","Song":"APT.","Artist":"ROSE & Bruno Mars","Rank":5,"Last Week":5,"Peak Position":5,"Weeks in Charts":12,"Image URL":"https://charts-static.billboard.com/img/2024/10/rose-fy3-apt-kne-180x180.jpg"}
{"_id":{"$oid":"68bc7a320245f8f09868c0cb"},"Date":"2025-01-15","Song":"Lose Control","Artist":"Teddy Swims","Rank":6,"Last Week":4,"Peak Position":1,"Weeks in Charts":73,"Image URL":"https://charts-static.billboard.com/img/2023/07/teddyswims-loq-losecontrol-4kx-180x180.jpg"}
{"_id":{"$oid":"68bc7a320245f8f09868c0cc"},"Date":"2025-01-15","Song":"I Had Some Help","Artist":"Post Malone Featuring Morgan Wallen","Rank":9,"Last Week":8,"Peak Position":1,"Weeks in Charts":35,"Image URL":"https://charts-static.billboard.com/img/2024/05/post-malone-uhe-ihadsomehelp-1sg-180x180.jpg"}
{"_id":{"$oid":"68bc7a320245f8f09868c0cd"},"Date":"2025-01-15","Song":"That's So True","Artist":"Gracie Abrams","Rank":8,"Last Week":6,"Peak Position":6,"Weeks in Charts":12,"Image URL":"https://charts-static.billboard.com/img/2024/11/gracieabrams-wqa-thatssotrue-rob-180x180.jpg"}
{"_id":{"$oid":"68bc7a320245f8f09868c0ce"},"Date":"2025-01-15","Song":"Luther","Artist":"Kendrick Lamar & SZA","Rank":7,"Last Week":7,"Peak Position":3,"Weeks in Charts":7,"Image URL":"#"}
{"_id":{"$oid":"68bc7a320245f8f09868c0cf"},"Date":"2025-01-15","Song":"Espresso","Artist":"Sabrina Carpenter","Rank":10,"Last Week":9,"Peak Position":3,"Weeks in Charts":39,"Image URL":"https://charts-static.billboard.com/img/2024/04/sabrina-carpenter-3b3-espresso-c1a-180x180.jpg"}
{"_id":{"$oid":"68bc7a320245f8f09868c12a"},"Date":"2025-01-22","Song":"Die With A Smile","Artist":"Lady Gaga & Bruno Mars","Rank":1,"Last Week":1,"Peak Position":1,"Weeks in Charts":22,"Image URL":"https://charts-static.billboard.com/img/2024/08/lady-gaga-r3b-diewithasmile-6og-180x180.jpg"}
{"_id":{"$oid":"68bc7a320245f8f09868c12b"},"Date":"2025-01-22","Song":"DTMF","Artist":"Bad Bunny","Rank":2,"Last Week":38,"Peak Position":2,"Weeks in Charts":2,"Image URL":"https://charts-static.billboard.com/img/2016/10/bad-bunny-6eh-180x180.jpg"}
{"_id":{"$oid":"68bc7a320245f8f09868c12c"},"Date":"2025-01-22","Song":"A Bar Song (Tipsy)","Artist":"Shaboozey","Rank":4,"Last Week":2,"Peak Position":1,"Weeks in Charts":40,"Image URL":"https://charts-static.billboard.com/img/2024/04/shaboozey-2wm-abarsongtipsy-bat-180x180.jpg"}
{"_id":{"$oid":"68bc7a320245f8f09868c12d"},"Date":"2025-01-22","Song":"APT.","Artist":"ROSE & Bruno Mars","Rank":5,"Last Week":5,"Peak Position":5,"Weeks in Charts":13,"Image URL":"https://charts-static.billboard.com/img/2024/10/rose-fy3-apt-kne-180x180.jpg"}
{"_id":{"$oid":"68bc7a320245f8f09868c12e"},"Date":"2025-01-22","Song":"Baile Inolvidable","Artist":"Bad Bunny","Rank":3,"Last Week":28,"Peak Position":3,"Weeks in Charts":2,"Image URL":"https://charts-static.billboard.com/img/2016/10/bad-bunny-6eh-180x180.jpg"}
{"_id":{"$oid":"68bc7a320245f8f09868c12f"},"Date":"2025-01-22","Song":"Luther","Artist":"Kendrick Lamar & SZA","Rank":6,"Last Week":7,"Peak Position":3,"Weeks in Charts":8,"Image URL":"#"}
{"_id":{"$oid":"68bc7a320245f8f09868c130"},"Date":"2025-01-22","Song":"Birds Of A Feather","Artist":"Billie Eilish","Rank":7,"Last Week":3,"Peak Position":2,"Weeks in Charts":35,"Image URL":"https://charts-static.billboard.com/img/2024/06/billie-eilish-lrt-birdsofafeather-7iy-180x180.jpg"}
{"_id":{"$oid":"68bc7a320245f8f09868c131"},"Date":"2025-01-22","Song":"Nuevayol","Artist":"Bad Bunny","Rank":8,"Last Week":27,"Peak Position":8,"Weeks in Charts":2,"Image URL":"https://charts-static.billboard.com/img/2016/10/bad-bunny-6eh-180x180.jpg"}
{"_id":{"$oid":"68bc7a320245f8f09868c132"},"Date":"2025-01-22","Song":"Lose Control","Artist":"Teddy Swims","Rank":9,"Last Week":6,"Peak Position":1,"Weeks in Charts":74,"Image URL":"https://charts-static.billboard.com/img/2023/07/teddyswims-loq-losecontrol-4kx-180x180.jpg"}
{"_id":{"$oid":"68bc7a320245f8f09868c133"},"Date":"2025-01-22","Song":"That's So True","Artist":"Gracie Abrams","Rank":10,"Last Week":8,"Peak Position":6,"Weeks in Charts":13,"Image URL":"https://charts-static.billboard.com/img/2024/11/gracieabrams-wqa-thatssotrue-rob-180x180.jpg"}
{"_id":{"$oid":"68bc7a320245f8f09868c18e"},"Date":"2025-01-29","Song":"Die With A Smile","Artist":"Lady Gaga & Bruno Mars","Rank":1,"Last Week":1,"Peak Position":1,"Weeks in Charts":23,"Image URL":"https://charts-static.billboard.com/img/2024/08/lady-gaga-r3b-diewithasmile-6og-180x180.jpg"}
{"_id":{"$oid":"68bc7a320245f8f09868c18f"},"Date":"2025-01-29","Song":"DTMF","Artist":"Bad Bunny","Rank":2,"Last Week":2,"Peak Position":2,"Weeks in Charts":3,"Image URL":"https://charts-static.billboard.com/img/2016/10/bad-bunny-6eh-180x180.jpg"}
{"_id":{"$oid":"68bc7a320245f8f09868c190"},"Date":"2025-01-29","Song":"APT.","Artist":"ROSE & Bruno Mars","Rank":3,"Last Week":5,"Peak Position":3,"Weeks in Charts":14,"Image URL":"https://charts-static.billboard.com/img/2024/10/rose-fy3-apt-kne-180x180.jpg"}
{"_id":{"$oid":"68bc7a320245f8f09868c191"},"Date":"2025-01-29","Song":"A Bar Song (Tipsy)","Artist":"Shaboozey","Rank":4,"Last Week":4,"Peak Position":1,"Weeks in Charts":41,"Image URL":"https://charts-static.billboard.com/img/2024/04/shaboozey-2wm-abarsongtipsy-bat-180x180.jpg"}
{"_id":{"$oid":"68bc7a320245f8f09868c192"},"Date":"2025-01-29","Song":"Luther","Artist":"Kendrick Lamar & SZA","Rank":5,"Last Week":6,"Peak Position":3,"Weeks in Charts":9,"Image URL":"#"}
{"_id":{"$oid":"68bc7a320245f8f09868c193"},"Date":"2025-01-29","Song":"Birds Of A Feather","Artist":"Billie Eilish","Rank":6,"Last Week":7,"Peak Position":2,"Weeks in Charts":36,"Image URL":"https://charts-static.billboard.com/img/2024/06/billie-eilish-lrt-birdsofafeather-7iy-180x180.jpg"}
{"_id":{"$oid":"68bc7a320245f8f09868c194"},"Date":"2025-01-29","Song":"Lose Control","Artist":"Teddy Swims","Rank":7,"Last Week":9,"Peak Position":1,"Weeks in Charts":75,"Image URL":"https://charts-static.billboard.com/img/2023/07/teddyswims-loq-losecontrol-4kx-180x180.jpg"}
{"_id":{"$oid":"68bc7a320245f8f09868c195"},"Date":"2025-01-29","Song":"Baile Inolvidable","Artist":"Bad Bunny","Rank":9,"Last Week":3,"Peak Position":3,"Weeks in Charts":3,"Image URL":"https://charts-static.billboard.com/img/2016/10/bad-bunny-6eh-180x180.jpg"}
{"_id":{"$oid":"68bc7a320245f8f09868c196"},"Date":"2025-01-29","Song":"That's So True","Artist":"Gracie Abrams","Rank":8,"Last Week":10,"Peak Position":6,"Weeks in Charts":14,"Image URL":"https://charts-static.billboard.com/img/2024/11/gracieabrams-wqa-thatssotrue-rob-180x180.jpg"}
{"_id":{"$oid":"68bc7a320245f8f09868c197"},"Date":"2025-01-29","Song":"Love Somebody","Artist":"Morgan Wallen","Rank":10,"Last Week":14,"Peak Position":1,"Weeks in Charts":14,"Image URL":"https://charts-static.billboard.com/img/2024/11/morgan-wallen-z1m-lovesomebody-a74-180x180.jpg"}
{"_id":{"$oid":"68bc7a320245f8f09868c1f1"},"Date":"2025-02-05","Song":"4X4","Artist":"Travis Scott","Rank":1,"Last Week":1,"Peak Position":1,"Weeks in Charts":"-","Image URL":"https://charts-static.billboard.com/img/2025/02/travis-scott-a4t-4x4-eal-180x180.jpg"}
{"_id":{"$oid":"68bc7a320245f8f09868c1f2"},"Date":"2025-02-05","Song":"Die With A Smile","Artist":"Lady Gaga & Bruno Mars","Rank":2,"Last Week":1,"Peak Position":1,"Weeks in Charts":24,"Image URL":"https://charts-static.billboard.com/img/2024/08/lady-gaga-r3b-diewithasmile-6og-180x180.jpg"}
{"_id":{"$oid":"68bc7a320245f8f09868c1f3"},"Date":"2025-02-05","Song":"APT.","Artist":"ROSE & Bruno Mars","Rank":3,"Last Week":3,"Peak Position":3,"Weeks in Charts":15,"Image URL":"https://charts-static.billboard.com/img/2024/10/rose-fy3-apt-kne-180x180.jpg"}
{"_id":{"$oid":"68bc7a320245f8f09868c1f4"},"Date":"2025-02-05","Song":"Luther","Artist":"Kendrick Lamar & SZA","Rank":4,"Last Week":5,"Peak Position":3,"Weeks in Charts":10,"Image URL":"#"}
{"_id":{"$oid":"68bc7a320245f8f09868c1f6"},"Date":"2025-02-05","Song":"Birds Of A Feather","Artist":"Billie Eilish","Rank":7,"Last Week":6,"Peak Position":2,"Weeks in Charts":37,"Image URL":"https://charts-static.billboard.com/img/2024/06/billie-eilish-lrt-birdsofafeather-7iy-180x180.jpg"}
{"_id":{"$oid":"68bc7a320245f8f09868c1f9"},"Date":"2025-02-05","Song":"A Bar Song (Tipsy)","Artist":"Shaboozey","Rank":5,"Last Week":4,"Peak Position":1,"Weeks in Charts":42,"Image URL":"https://charts-static.billboard.com/img/2024/04/shaboozey-2wm-abarsongtipsy-bat-180x180.jpg"}
{"_id":{"$oid":"68bc7a320245f8f09868c1fd"},"Date":"2025-02-05","Song":"That's So True","Artist":"Gracie Abrams","Rank":9,"Last Week":8,"Peak Position":6,"Weeks in Charts":15,"Image URL":"https://charts-static.billboard.com/img/2024/11/gracieabrams-wqa-thatssotrue-rob-180x180.jpg"}
{"_id":{"$oid":"68bc7a320245f8f09868c1fe"},"Date":"2025-02-05","Song":"DTMF","Artist":"Bad Bunny","Rank":8,"Last Week":2,"Peak Position":2,"Weeks in Charts":4,"Image URL":"https://charts-static.billboard.com/img/2016/10/bad-bunny-6eh-180x180.jpg"}
{"_id":{"$oid":"68bc7a320245f8f09868c200"},"Date":"2025-02-05","Song":"Lose Control","Artist":"Teddy Swims","Rank":6,"Last Week":7,"Peak Position":1,"Weeks in Charts":76,"Image URL":"https://charts-static.billboard.com/img/2023/07/teddyswims-loq-losecontrol-4kx-180x180.jpg"}
{"_id":{"$oid":"68bc7a320245f8f09868c202"},"Date":"2025-02-05","Song":"Love Somebody","Artist":"Morgan Wallen","Rank":10,"Last Week":10,"Peak Position":1,"Weeks in Charts":15,"Image URL":"https://charts-static.billboard.com/img/2024/11/morgan-wallen-z1m-lovesomebody-a74-180x180.jpg"}
{"_id":{"$oid":"68bc7a320245f8f09868c256"},"Date":"2025-02-12","Song":"Die With A Smile","Artist":"Lady Gaga & Bruno Mars","Rank":1,"Last Week":2,"Peak Position":1,"Weeks in Charts":25,"Image URL":"https://charts-static.billboard.com/img/2024/08/lady-gaga-r3b-diewithasmile-6og-180x180.jpg"}
{"_id":{"$oid":"68bc7a320245f8f09868c257"},"Date":"2025-02-12","Song":"I'm The Problem","Artist":"Morgan Wallen","Rank":2,"Last Week":2,"Peak Position":1,"Weeks in Charts":"-","Image URL":"https://charts-static.billboard.com/img/2025/02/morgan-wallen-z1m-imtheproblem-wfr-180x180.jpg"}
{"_id":{"$oid":"68bc7a320245f8f09868c258"},"Date":"2025-02-12","Song":"Birds Of A Feather","Artist":"Billie Eilish","Rank":4,"Last Week":7,"Peak Position":2,"Weeks in Charts":38,"Image URL":"https://charts-static.billboard.com/img/2024/06/billie-eilish-lrt-birdsofafeather-7iy-180x180.jpg"}
{"_id":{"$oid":"68bc7a320245f8f09868c259"},"Date":"2025-02-12","Song":"Luther","Artist":"Kendrick Lamar & SZA","Rank":3,"Last Week":4,"Peak Position":3,"Weeks in Charts":11,"Image URL":"#"}
{"_id":{"$oid":"68bc7a320245f8f09868c25a"},"Date":"2025-02-12","Song":"A Bar Song (Tipsy)","Artist":"Shaboozey","Rank":5,"Last Week":5,"Peak Position":1,"Weeks in Charts":43,"Image URL":"https://charts-static.billboard.com/img/2024/04/shaboozey-2wm-abarsongtipsy-bat-180x180.jpg"}
{"_id":{"$oid":"68bc7a320245f8f09868c25b"},"Date":"2025-02-12","Song":"Timeless","Artist":"The Weeknd & Playboi Carti","Rank":7,"Last Week":18,"Peak Position":3,"Weeks in Charts":19,"Image URL":"https://charts-static.billboard.com/img/2024/10/the-weeknd-jlk-timeless-ait-180x180.jpg"}
{"_id":{"$oid":"68bc7a320245f8f09868c25c"},"Date":"2025-02-12","Song":"APT.","Artist":"ROSE & Bruno Mars","Rank":6,"Last Week":3,"Peak Position":3,"Weeks in Charts":16,"Image URL":"https://charts-static.billboard.com/img/2024/10/rose-fy3-apt-kne-180x180.jpg"}
{"_id":{"$oid":"68bc7a320245f8f09868c25d"},"Date":"2025-02-12","Song":"Lose Control","Artist":"Teddy Swims","Rank":8,"Last Week":6,"Peak Position":1,"Weeks in Charts":77,"Image URL":"https://charts-static.billboard.com/img/2023/07/teddyswims-loq-losecontrol-4kx-180x180.jpg"}
{"_id":{"$oid":"68bc7a320245f8f09868c25e"},"Date":"2025-02-12","Song":"Beautiful Things","Artist":"Benson Boone","Rank":9,"Last Week":15,"Peak Position":2,"Weeks in Charts":54,"Image URL":"https://charts-static.billboard.com/img/2024/02/bensonboone-941-beautifulthings-vvt-180x180.jpg"}
{"_id":{"$oid":"68bc7a320245f8f09868c263"},"Date":"2025-02-12","Song":"TV Off","Artist":"Kendrick Lamar Featuring Lefty Gunplay","Rank":10,"Last Week":11,"Peak Position":2,"Weeks in Charts":11,"Image URL":"#"}
{"_id":{"$oid":"68bc7a320245f8f09868c2ba"},"Date":"2025-02-19","Song":"Not Like Us","Artist":"Kendrick Lamar","Rank":1,"Last Week":15,"Peak Position":1,"Weeks in Charts":40,"Image URL":"https://charts-static.billboard.com/img/2024/05/kendrick-lamar-2un-notlikeus-fyp-180x180.jpg"}
{"_id":{"$oid":"68bc7a320245f8f09868c2bb"},"Date":"2025-02-19","Song":"Luther","Artist":"Kendrick Lamar & SZA","Rank":2,"Last Week":3,"Peak Position":2,"Weeks in Charts":12,"Image URL":"#"}
{"_id":{"$oid":"68bc7a320245f8f09868c2bc"},"Date":"2025-02-19","Song":"Squabble Up","Artist":"Kendrick Lamar","Rank":5,"Last Week":20,"Peak Position":1,"Weeks in Charts":12,"Image URL":"#"}
{"_id":{"$oid":"68bc7a320245f8f09868c2bd"},"Date":"2025-02-19","Song":"TV Off","Artist":"Kendrick Lamar Featuring Lefty Gunplay","Rank":3,"Last Week":10,"Peak Position":2,"Weeks in Charts":12,"Image URL":"#"}
{"_id":{"$oid":"68bc7a320245f8f09868c2be"},"Date":"2025-02-19","Song":"Birds Of A Feather","Artist":"Billie Eilish","Rank":6,"Last Week":4,"Peak Position":2,"Weeks in Charts":39,"Image URL":"https://charts-static.billboard.com/img/2024/06/billie-eilish-lrt-birdsofafeather-7iy-180x180.jpg"}
{"_id":{"$oid":"68bc7a320245f8f09868c2bf"},"Date":"2025-02-19","Song":"APT.","Artist":"ROSE & Bruno Mars","Rank":7,"Last Week":6,"Peak Position":3,"Weeks in Charts":17,"Image URL":"https://charts-static.billboard.com/img/2024/10/rose-fy3-apt-kne-180x180.jpg"}
{"_id":{"$oid":"68bc7a320245f8f09868c2c0"},"Date":"2025-02-19","Song":"Die With A Smile","Artist":"Lady Gaga & Bruno Mars","Rank":4,"Last Week":1,"Peak Position":1,"Weeks in Charts":26,"Image URL":"https://charts-static.billboard.com/img/2024/08/lady-gaga-r3b-diewithasmile-6og-180x180.jpg"}
{"_id":{"$oid":"68bc7a320245f8f09868c2c1"},"Date":"2025-02-19","Song":"A Bar Song (Tipsy)","Artist":"Shaboozey","Rank":8,"Last Week":5,"Peak Position":1,"Weeks in Charts":44,"Image URL":"https://charts-static.billboard.com/img/2024/04/shaboozey-2wm-abarsongtipsy-bat-180x180.jpg"}
{"_id":{"$oid":"68bc7a320245f8f09868c2c2"},"Date":"2025-02-19","Song":"30 For 30","Artist":"SZA With Kendrick Lamar","Rank":10,"Last Week":22,"Peak Position":10,"Weeks in Charts":8,"Image URL":"#"}
{"_id":{"$oid":"68bc7a320245f8f09868c2c3"},"Date":"2025-02-19","Song":"Pink Pony Club","Artist":"Chappell Roan","Rank":9,"Last Week":18,"Peak Position":9,"Weeks in Charts":35,"Image URL":"https://charts-static.billboard.com/img/2024/06/chappellroan-bhw-pinkponyclub-14t-180x180.jpg"}
{"_id":{"$oid":"68bc7a320245f8f09868c31e"},"Date":"2025-02-26","Song":"Luther","Artist":"Kendrick Lamar & SZA","Rank":1,"Last Week":2,"Peak Position":1,"Weeks in Charts":13,"Image URL":"#"}
{"_id":{"$oid":"68bc7a320245f8f09868c31f"},"Date":"2025-02-26","Song":"Not Like Us","Artist":"Kendrick Lamar","Rank":2,"Last Week":1,"Peak Position":1,"Weeks in Charts":41,"Image URL":"https://charts-static.billboard.com/img/2024/05/kendrick-lamar-2un-notlikeus-fyp-180x180.jpg"}
{"_id":{"$oid":"68bc7a320245f8f09868c320"},"Date":"2025-02-26","Song":"Die With A Smile","Artist":"Lady Gaga & Bruno Mars","Rank":3,"Last Week":4,"Peak Position":1,"Weeks in Charts":27,"Image URL":"https://charts-static.billboard.com/img/2024/08/lady-gaga-r3b-diewithasmile-6og-180x180.jpg"}
{"_id":{"$oid":"68bc7a320245f8f09868c321"},"Date":"2025-02-26","Song":"Squabble Up","Artist":"Kendrick Lamar","Rank":5,"Last Week":5,"Peak Position":1,"Weeks in Charts":13,"Image URL":"#"}
{"_id":{"$oid":"68bc7a320245f8f09868c322"},"Date":"2025-02-26","Song":"Gimme A Hug","Artist":"Drake","Rank":6,"Last Week":6,"Peak Position":1,"Weeks in Charts":"-","Image URL":"https://charts-static.billboard.com/img/2009/04/drake-bg5-180x180.jpg"}
{"_id":{"$oid":"68bc7a320245f8f09868c323"},"Date":"2025-02-26","Song":"Birds Of A Feather","Artist":"Billie Eilish","Rank":8,"Last Week":6,"Peak Position":2,"Weeks in Charts":40,"Image URL":"https://charts-static.billboard.com/img/2024/06/billie-eilish-lrt-birdsofafeather-7iy-180x180.jpg"}
{"_id":{"$oid":"68bc7a320245f8f09868c324"},"Date":"2025-02-26","Song":"APT.","Artist":"ROSE & Bruno Mars","Rank":7,"Last Week":7,"Peak Position":3,"Weeks in Charts":18,"Image URL":"https://charts-static.billboard.com/img/2024/10/rose-fy3-apt-kne-180x180.jpg"}
{"_id":{"$oid":"68bc7a320245f8f09868c325"},"Date":"2025-02-26","Song":"A Bar Song (Tipsy)","Artist":"Shaboozey","Rank":9,"Last Week":8,"Peak Position":1,"Weeks in Charts":45,"Image URL":"https://charts-static.billboard.com/img/2024/04/shaboozey-2wm-abarsongtipsy-bat-180x180.jpg"}
{"_id":{"$oid":"68bc7a320245f8f09868c326"},"Date":"2025-02-26","Song":"Nokia","Artist":"Drake","Rank":10,"Last Week":10,"Peak Position":1,"Weeks in Charts":"-","Image URL":"https://charts-static.billboard.com/img/2009/04/drake-bg5-180x180.jpg"}
{"_id":{"$oid":"68bc7a320245f8f09868c327"},"Date":"2025-02-26","Song":"TV Off","Artist":"Kendrick Lamar Featuring Lefty Gunplay","Rank":4,"Last Week":3,"Peak Position":2,"Weeks in Charts":13,"Image URL":"#"}
{"_id":{"$oid":"68bc7a320245f8f09868c381"},"Date":"2025-03-05","Song":"Luther","Artist":"Kendrick Lamar & SZA","Rank":1,"Last Week":1,"Peak Position":1,"Weeks in Charts":14,"Image URL":"#"}
{"_id":{"$oid":"68bc7a320245f8f09868c383"},"Date":"2025-03-05","Song":"Die With A Smile","Artist":"Lady Gaga & Bruno Mars","Rank":2,"Last Week":3,"Peak Position":1,"Weeks in Charts":28,"Image URL":"https://charts-static.billboard.com/img/2024/08/lady-gaga-r3b-diewithasmile-6og-180x180.jpg"}
{"_id":{"$oid":"68bc7a320245f8f09868c384"},"Date":"2025-03-05","Song":"Not Like Us","Artist":"Kendrick Lamar","Rank":3,"Last Week":2,"Peak Position":1,"Weeks in Charts":42,"Image URL":"https://charts-static.billboard.com/img/2024/05/kendrick-lamar-2un-notlikeus-fyp-180x180.jpg"}
{"_id":{"$oid":"68bc7a320245f8f09868c385"},"Date":"2025-03-05","Song":"A Bar Song (Tipsy)","Artist":"Shaboozey","Rank":5,"Last Week":9,"Peak Position":1,"Weeks in Charts":46,"Image URL":"https://charts-static.billboard.com/img/2024/04/shaboozey-2wm-abarsongtipsy-bat-180x180.jpg"}
{"_id":{"$oid":"68bc7a320245f8f09868c386"},"Date":"2025-03-05","Song":"TV Off","Artist":"Kendrick Lamar Featuring Lefty Gunplay","Rank":4,"Last Week":4,"Peak Position":2,"Weeks in Charts":14,"Image URL":"#"}
{"_id":{"$oid":"68bc7a320245f8f09868c387"},"Date":"2025-03-05","Song":"Pink Pony Club","Artist":"Chappell Roan","Rank":8,"Last Week":11,"Peak Position":8,"Weeks in Charts":37,"Image URL":"https://charts-static.billboard.com/img/2024/06/chappellroan-bhw-pinkponyclub-14t-180x180.jpg"}
{"_id":{"$oid":"68bc7a320245f8f09868c388"},"Date":"2025-03-05","Song":"Squabble Up","Artist":"Kendrick Lamar","Rank":10,"Last Week":5,"Peak Position":1,"Weeks in Charts":14,"Image URL":"#"}
{"_id":{"$oid":"68bc7a320245f8f09868c389"},"Date":"2025-03-05","Song":"Lose Control","Artist":"Teddy Swims","Rank":9,"Last Week":12,"Peak Position":1,"Weeks in Charts":80,"Image URL":"https://charts-static.billboard.com/img/2023/07/teddyswims-loq-losecontrol-4kx-180x180.jpg"}
{"_id":{"$oid":"68bc7a320245f8f09868c38a"},"Date":"2025-03-05","Song":"APT.","Artist":"ROSE & Bruno Mars","Rank":6,"Last Week":7,"Peak Position":3,"Weeks in Charts":19,"Image URL":"https://charts-static.billboard.com/img/2024/10/rose-fy3-apt-kne-180x180.jpg"}
{"_id":{"$oid":"68bc7a320245f8f09868c38c"},"Date":"2025-03-05","Song":"Birds Of A Feather","Artist":"Billie Eilish","Rank":7,"Last Week":8,"Peak Position":2,"Weeks in Charts":41,"Image URL":"https://charts-static.billboard.com/img/2024/06/billie-eilish-lrt-birdsofafeather-7iy-180x180.jpg"}
{"_id":{"$oid":"68bc7a320245f8f09868c3e6"},"Date":"2025-03-12","Song":"Luther","Artist":"Kendrick Lamar & SZA","Rank":1,"Last Week":1,"Peak Position":1,"Weeks in Charts":15,"Image URL":"#"}
{"_id":{"$oid":"68bc7a320245f8f09868c3e7"},"Date":"2025-03-12","Song":"Not Like Us","Artist":"Kendrick Lamar","Rank":3,"Last Week":3,"Peak Position":1,"Weeks in Charts":43,"Image URL":"https://charts-static.billboard.com/img/2024/05/kendrick-lamar-2un-notlikeus-fyp-180x180.jpg"}
{"_id":{"$oid":"68bc7a320245f8f09868c3e8"},"Date":"2025-03-12","Song":"Die With A Smile","Artist":"Lady Gaga & Bruno Mars","Rank":2,"Last Week":2,"Peak Position":1,"Weeks in Charts":29,"Image URL":"https://charts-static.billboard.com/img/2024/08/lady-gaga-r3b-diewithasmile-6og-180x180.jpg"}
{"_id":{"$oid":"68bc7a320245f8f09868c3e9"},"Date":"2025-03-12","Song":"TV Off","Artist":"Kendrick Lamar Featuring Lefty Gunplay","Rank":4,"Last Week":4,"Peak Position":2,"Weeks in Charts":15,"Image URL":"#"}
{"_id":{"$oid":"68bc7a320245f8f09868c3ea"},"Date":"2025-03-12","Song":"A Bar Song (Tipsy)","Artist":"Shaboozey","Rank":5,"Last Week":5,"Peak Position":1,"Weeks in Charts":47,"Image URL":"https://charts-static.billboard.com/img/2024/04/shaboozey-2wm-abarsongtipsy-bat-180x180.jpg"}
{"_id":{"$oid":"68bc7a320245f8f09868c3eb"},"Date":"2025-03-12","Song":"APT.","Artist":"ROSE & Bruno Mars","Rank":6,"Last Week":6,"Peak Position":3,"Weeks in Charts":20,"Image URL":"https://charts-static.billboard.com/img/2024/10/rose-fy3-apt-kne-180x180.jpg"}
{"_id":{"$oid":"68bc7a320245f8f09868c3ec"},"Date":"2025-03-12","Song":"Birds Of A Feather","Artist":"Billie Eilish","Rank":7,"Last Week":7,"Peak Position":2,"Weeks in Charts":42,"Image URL":"https://charts-static.billboard.com/img/2024/06/billie-eilish-lrt-birdsofafeather-7iy-180x180.jpg"}
{"_id":{"$oid":"68bc7a320245f8f09868c3ed"},"Date":"2025-03-12","Song":"Pink Pony Club","Artist":"Chappell Roan","Rank":8,"Last Week":8,"Peak Position":8,"Weeks in Charts":38,"Image URL":"https://charts-static.billboard.com/img/2024/06/chappellroan-bhw-pinkponyclub-14t-180x180.jpg"}
{"_id":{"$oid":"68bc7a320245f8f09868c3ee"},"Date":"2025-03-12","Song":"Nokia","Artist":"Drake","Rank":10,"Last Week":11,"Peak Position":10,"Weeks in Charts":3,"Image URL":"https://charts-static.billboard.com/img/2009/04/drake-bg5-180x180.jpg"}
{"_id":{"$oid":"68bc7a320245f8f09868c3ef"},"Date":"2025-03-12","Song":"Lose Control","Artist":"Teddy Swims","Rank":9,"Last Week":9,"Peak Position":1,"Weeks in Charts":81,"Image URL":"https://charts-static.billboard.com/img/2023/07/teddyswims-loq-losecontrol-4kx-180x180.jpg"}
{"_id":{"$oid":"68bc7a320245f8f09868c447"},"Date":"2025-03-19","Song":"TV Off","Artist":"Kendrick Lamar Featuring Lefty Gunplay","Rank":5,"Last Week":4,"Peak Position":2,"Weeks in Charts":16,"Image URL":"#"}
{"_id":{"$oid":"68bc7a320245f8f09868c448"},"Date":"2025-03-19","Song":"APT.","Artist":"ROSE & Bruno Mars","Rank":6,"Last Week":6,"Peak Position":3,"Weeks in Charts":21,"Image URL":"https://charts-static.billboard.com/img/2024/10/rose-fy3-apt-kne-180x180.jpg"}
{"_id":{"$oid":"68bc7a320245f8f09868c449"},"Date":"2025-03-19","Song":"Pink Pony Club","Artist":"Chappell Roan","Rank":7,"Last Week":8,"Peak Position":7,"Weeks in Charts":39,"Image URL":"https://charts-static.billboard.com/img/2024/06/chappellroan-bhw-pinkponyclub-14t-180x180.jpg"}
{"_id":{"$oid":"68bc7a320245f8f09868c44a"},"Date":"2025-03-19","Song":"Luther","Artist":"Kendrick Lamar & SZA","Rank":1,"Last Week":1,"Peak Position":1,"Weeks in Charts":16,"Image URL":"#"}
{"_id":{"$oid":"68bc7a320245f8f09868c44b"},"Date":"2025-03-19","Song":"Nokia","Artist":"Drake","Rank":8,"Last Week":10,"Peak Position":8,"Weeks in Charts":4,"Image URL":"https://charts-static.billboard.com/img/2009/04/drake-bg5-180x180.jpg"}
{"_id":{"$oid":"68bc7a320245f8f09868c44c"},"Date":"2025-03-19","Song":"Birds Of A Feather","Artist":"Billie Eilish","Rank":9,"Last Week":7,"Peak Position":2,"Weeks in Charts":43,"Image URL":"https://charts-static.billboard.com/img/2024/06/billie-eilish-lrt-birdsofafeather-7iy-180x180.jpg"}
{"_id":{"$oid":"68bc7a320245f8f09868c44d"},"Date":"2025-03-19","Song":"Lose Control","Artist":"Teddy Swims","Rank":10,"Last Week":9,"Peak Position":1,"Weeks in Charts":82,"Image URL":"https://charts-static.billboard.com/img/2023/07/teddyswims-loq-losecontrol-4kx-180x180.jpg"}
{"_id":{"$oid":"68bc7a320245f8f09868c44e"},"Date":"2025-03-19","Song":"Not Like Us","Artist":"Kendrick Lamar","Rank":3,"Last Week":3,"Peak Position":1,"Weeks in Charts":44,"Image URL":"https://charts-static.billboard.com/img/2024/05/kendrick-lamar-2un-notlikeus-fyp-180x180.jpg"}
{"_id":{"$oid":"68bc7a320245f8f09868c450"},"Date":"2025-03-19","Song":"A Bar Song (Tipsy)","Artist":"Shaboozey","Rank":4,"Last Week":5,"Peak Position":1,"Weeks in Charts":48,"Image URL":"https://charts-static.billboard.com/img/2024/04/shaboozey-2wm-abarsongtipsy-bat-180x180.jpg"}
{"_id":{"$oid":"68bc7a320245f8f09868c452"},"Date":"2025-03-19","Song":"Die With A Smile","Artist":"Lady Gaga & Bruno Mars","Rank":2,"Last Week":2,"Peak Position":1,"Weeks in Charts":30,"Image URL":"https://charts-static.billboard.com/img/2024/08/lady-gaga-r3b-diewithasmile-6og-180x180.jpg"}
{"_id":{"$oid":"68bc7a320245f8f09868c4ad"},"Date":"2025-03-26","Song":"Luther","Artist":"Kendrick Lamar & SZA","Rank":1,"Last Week":1,"Peak Position":1,"Weeks in Charts":17,"Image URL":"#"}
{"_id":{"$oid":"68bc7a320245f8f09868c4af"},"Date":"2025-03-26","Song":"Evil J0rdan","Artist":"Playboi Carti","Rank":2,"Last Week":2,"Peak Position":1,"Weeks in Charts":"-","Image URL":"https://charts-static.billboard.com/img/2016/11/playboi-carti-ca2-180x180.jpg"}
{"_id":{"$oid":"68bc7a320245f8f09868c4b0"},"Date":"2025-03-26","Song":"The Giver","Artist":"Chappell Roan","Rank":5,"Last Week":5,"Peak Position":1,"Weeks in Charts":"-","Image URL":"https://charts-static.billboard.com/img/2025/03/chappellroan-bhw-thegiver-1te-180x180.jpg"}
{"_id":{"$oid":"68bc7a320245f8f09868c4b1"},"Date":"2025-03-26","Song":"Not Like Us","Artist":"Kendrick Lamar","Rank":8,"Last Week":3,"Peak Position":1,"Weeks in Charts":45,"Image URL":"https://charts-static.billboard.com/img/2024/05/kendrick-lamar-2un-notlikeus-fyp-180x180.jpg"}
{"_id":{"$oid":"68bc7a320245f8f09868c4b2"},"Date":"2025-03-26","Song":"Birds Of A Feather","Artist":"Billie Eilish","Rank":7,"Last Week":9,"Peak Position":2,"Weeks in Charts":44,"Image URL":"https://charts-static.billboard.com/img/2024/06/billie-eilish-lrt-birdsofafeather-7iy-180x180.jpg"}
{"_id":{"$oid":"68bc7a320245f8f09868c4b3"},"Date":"2025-03-26","Song":"Die With A Smile","Artist":"Lady Gaga & Bruno Mars","Rank":3,"Last Week":2,"Peak Position":1,"Weeks in Charts":31,"Image URL":"https://charts-static.billboard.com/img/2024/08/lady-gaga-r3b-diewithasmile-6og-180x180.jpg"}
{"_id":{"$oid":"68bc7a320245f8f09868c4b4"},"Date":"2025-03-26","Song":"A Bar Song (Tipsy)","Artist":"Shaboozey","Rank":6,"Last Week":4,"Peak Position":1,"Weeks in Charts":49,"Image URL":"https://charts-static.billboard.com/img/2024/04/shaboozey-2wm-abarsongtipsy-bat-180x180.jpg"}
{"_id":{"$oid":"68bc7a320245f8f09868c4b5"},"Date":"2025-03-26","Song":"Rather Lie","Artist":"Playboi Carti & The Weeknd","Rank":4,"Last Week":4,"Peak Position":1,"Weeks in Charts":"-","Image URL":"https://charts-static.billboard.com/img/2016/11/playboi-carti-ca2-180x180.jpg"}
{"_id":{"$oid":"68bc7a320245f8f09868c4b6"},"Date":"2025-03-26","Song":"Pink Pony Club","Artist":"Chappell Roan","Rank":9,"Last Week":7,"Peak Position":7,"Weeks in Charts":40,"Image URL":"https://charts-static.billboard.com/img/2024/06/chappellroan-bhw-pinkponyclub-14t-180x180.jpg"}
{"_id":{"$oid":"68bc7a320245f8f09868c4b7"},"Date":"2025-03-26","Song":"Anxiety","Artist":"Doechii","Rank":10,"Last Week":13,"Peak Position":10,"Weeks in Charts":2,"Image URL":"https://charts-static.billboard.com/img/2025/03/doechii-p52-anxiety-ht8-180x180.jpg"}
{"_id":{"$oid":"68bc7a320245f8f09868c512"},"Date":"2025-04-02","Song":"Luther","Artist":"Kendrick Lamar & SZA","Rank":1,"Last Week":1,"Peak Position":1,"Weeks in Charts":18,"Image URL":"#"}
{"_id":{"$oid":"68bc7a320245f8f09868c513"},"Date":"2025-04-02","Song":"Die With A Smile","Artist":"Lady Gaga & Bruno Mars","Rank":2,"Last Week":3,"Peak Position":1,"Weeks in Charts":32,"Image URL":"https://charts-static.billboard.com/img/2024/08/lady-gaga-r3b-diewithasmile-6og-180x180.jpg"}
{"_id":{"$oid":"68bc7a320245f8f09868c514"},"Date":"2025-04-02","Song":"A Bar Song (Tipsy)","Artist":"Shaboozey","Rank":3,"Last Week":6,"Peak Position":1,"Weeks in Charts":50,"Image URL":"https://charts-static.billboard.com/img/2024/04/shaboozey-2wm-abarsongtipsy-bat-180x180.jpg"}
{"_id":{"$oid":"68bc7a320245f8f09868c515"},"Date":"2025-04-02","Song":"Just In Case","Artist":"Morgan Wallen","Rank":4,"Last Week":4,"Peak Position":1,"Weeks in Charts":"-","Image URL":"https://charts-static.billboard.com/img/2025/04/morgan-wallen-z1m-justincase-eos-180x180.jpg"}
{"_id":{"$oid":"68bc7a320245f8f09868c516"},"Date":"2025-04-02","Song":"Nokia","Artist":"Drake","Rank":7,"Last Week":11,"Peak Position":7,"Weeks in Charts":6,"Image URL":"https://charts-static.billboard.com/img/2009/04/drake-bg5-180x180.jpg"}
{"_id":{"$oid":"68bc7a320245f8f09868c517"},"Date":"2025-04-02","Song":"Beautiful Things","Artist":"Benson Boone","Rank":8,"Last Week":15,"Peak Position":2,"Weeks in Charts":61,"Image URL":"https://charts-static.billboard.com/img/2024/02/bensonboone-941-beautifulthings-vvt-180x180.jpg"}
{"_id":{"$oid":"68bc7a320245f8f09868c518"},"Date":"2025-04-02","Song":"Pink Pony Club","Artist":"Chappell Roan","Rank":5,"Last Week":9,"Peak Position":5,"Weeks in Charts":41,"Image URL":"https://charts-static.billboard.com/img/2024/06/chappellroan-bhw-pinkponyclub-14t-180x180.jpg"}
{"_id":{"$oid":"68bc7a320245f8f09868c519"},"Date":"2025-04-02","Song":"Lose Control","Artist":"Teddy Swims","Rank":6,"Last Week":12,"Peak Position":1,"Weeks in Charts":84,"Image URL":"https://charts-static.billboard.com/img/2023/07/teddyswims-loq-losecontrol-4kx-180x180.jpg"}
{"_id":{"$oid":"68bc7a320245f8f09868c51a"},"Date":"2025-04-02","Song":"Not Like Us","Artist":"Kendrick Lamar","Rank":9,"Last Week":8,"Peak Position":1,"Weeks in Charts":46,"Image URL":"https://charts-static.billboard.com/img/2024/05/kendrick-lamar-2un-notlikeus-fyp-180x180.jpg"}
{"_id":{"$oid":"68bc7a320245f8f09868c51b"},"Date":"2025-04-02","Song":"APT.","Artist":"ROSE & Bruno Mars","Rank":10,"Last Week":14,"Peak Position":3,"Weeks in Charts":23,"Image URL":"https://charts-static.billboard.com/img/2024/10/rose-fy3-apt-kne-180x180.jpg"}
{"_id":{"$oid":"68bc7a320245f8f09868c576"},"Date":"2025-04-09","Song":"Die With A Smile","Artist":"Lady Gaga & Bruno Mars","Rank":2,"Last Week":2,"Peak Position":1,"Weeks in Charts":33,"Image URL":"https://charts-static.billboard.com/img/2024/08/lady-gaga-r3b-diewithasmile-6og-180x180.jpg"}
{"_id":{"$oid":"68bc7a320245f8f09868c577"},"Date":"2025-04-09","Song":"A Bar Song (Tipsy)","Artist":"Shaboozey","Rank":4,"Last Week":3,"Peak Position":1,"Weeks in Charts":51,"Image URL":"https://charts-static.billboard.com/img/2024/04/shaboozey-2wm-abarsongtipsy-bat-180x180.jpg"}
{"_id":{"$oid":"68bc7a320245f8f09868c578"},"Date":"2025-04-09","Song":"Nokia","Artist":"Drake","Rank":3,"Last Week":7,"Peak Position":3,"Weeks in Charts":7,"Image URL":"https://charts-static.billboard.com/img/2009/04/drake-bg5-180x180.jpg"}
{"_id":{"$oid":"68bc7a320245f8f09868c579"},"Date":"2025-04-09","Song":"Pink Pony Club","Artist":"Chappell Roan","Rank":5,"Last Week":5,"Peak Position":5,"Weeks in Charts":42,"Image URL":"https://charts-static.billboard.com/img/2024/06/chappellroan-bhw-pinkponyclub-14t-180x180.jpg"}
{"_id":{"$oid":"68bc7a320245f8f09868c57a"},"Date":"2025-04-09","Song":"Luther","Artist":"Kendrick Lamar & SZA","Rank":1,"Last Week":1,"Peak Position":1,"Weeks in Charts":19,"Image URL":"#"}
{"_id":{"$oid":"68bc7a320245f8f09868c57b"},"Date":"2025-04-09","Song":"APT.","Artist":"ROSE & Bruno Mars","Rank":7,"Last Week":10,"Peak Position":3,"Weeks in Charts":24,"Image URL":"https://charts-static.billboard.com/img/2024/10/rose-fy3-apt-kne-180x180.jpg"}
{"_id":{"$oid":"68bc7a320245f8f09868c57c"},"Date":"2025-04-09","Song":"Lose Control","Artist":"Teddy Swims","Rank":6,"Last Week":6,"Peak Position":1,"Weeks in Charts":85,"Image URL":"https://charts-static.billboard.com/img/2023/07/teddyswims-loq-losecontrol-4kx-180x180.jpg"}
{"_id":{"$oid":"68bc7a320245f8f09868c57d"},"Date":"2025-04-09","Song":"I'm The Problem","Artist":"Morgan Wallen","Rank":9,"Last Week":11,"Peak Position":2,"Weeks in Charts":9,"Image URL":"https://charts-static.billboard.com/img/2025/02/morgan-wallen-z1m-imtheproblem-wfr-180x180.jpg"}
{"_id":{"$oid":"68bc7a320245f8f09868c57f"},"Date":"2025-04-09","Song":"Birds Of A Feather","Artist":"Billie Eilish","Rank":10,"Last Week":12,"Peak Position":2,"Weeks in Charts":46,"Image URL":"https://charts-static.billboard.com/img/2024/06/billie-eilish-lrt-birdsofafeather-7iy-180x180.jpg"}
{"_id":{"$oid":"68bc7a320245f8f09868c581"},"Date":"2025-04-09","Song":"Just In Case","Artist":"Morgan Wallen","Rank":8,"Last Week":4,"Peak Position":4,"Weeks in Charts":2,"Image URL":"https://charts-static.billboard.com/img/2025/04/morgan-wallen-z1m-justincase-eos-180x180.jpg"}
{"_id":{"$oid":"68bc7a320245f8f09868c5d8"},"Date":"2025-04-16","Song":"Luther","Artist":"Kendrick Lamar & SZA","Rank":1,"Last Week":1,"Peak Position":1,"Weeks in Charts":20,"Image URL":"#"}
{"_id":{"$oid":"68bc7a320245f8f09868c5da"},"Date":"2025-04-16","Song":"Nokia","Artist":"Drake","Rank":2,"Last Week":3,"Peak Position":2,"Weeks in Charts":8,"Image URL":"https://charts-static.billboard.com/img/2009/04/drake-bg5-180x180.jpg"}
{"_id":{"$oid":"68bc7a320245f8f09868c5dc"},"Date":"2025-04-16","Song":"Die With A Smile","Artist":"Lady Gaga & Bruno Mars","Rank":3,"Last Week":2,"Peak Position":1,"Weeks in Charts":34,"Image URL":"https://charts-static.billboard.com/img/2024/08/lady-gaga-r3b-diewithasmile-6og-180x180.jpg"}
{"_id":{"$oid":"68bc7a320245f8f09868c5dd"},"Date":"2025-04-16","Song":"Pink Pony Club","Artist":"Chappell Roan","Rank":5,"Last Week":5,"Peak Position":5,"Weeks in Charts":43,"Image URL":"https://charts-static.billboard.com/img/2024/06/chappellroan-bhw-pinkponyclub-14t-180x180.jpg"}
{"_id":{"$oid":"68bc7a320245f8f09868c5de"},"Date":"2025-04-16","Song":"All The Way","Artist":"BigXthaPlug Featuring Bailey Zimmerman","Rank":4,"Last Week":4,"Peak Position":1,"Weeks in Charts":"-","Image URL":"https://charts-static.billboard.com/img/2025/04/bigxthaplug-b0q-alltheway-z2y-180x180.jpg"}
{"_id":{"$oid":"68bc7a320245f8f09868c5df"},"Date":"2025-04-16","Song":"A Bar Song (Tipsy)","Artist":"Shaboozey","Rank":6,"Last Week":4,"Peak Position":1,"Weeks in Charts":52,"Image URL":"https://charts-static.billboard.com/img/2024/04/shaboozey-2wm-abarsongtipsy-bat-180x180.jpg"}
{"_id":{"$oid":"68bc7a320245f8f09868c5e0"},"Date":"2025-04-16","Song":"Ordinary","Artist":"Alex Warren","Rank":7,"Last Week":14,"Peak Position":7,"Weeks in Charts":9,"Image URL":"https://charts-static.billboard.com/img/2025/02/alexwarren-1ap-ordinary-jb8-180x180.jpg"}
{"_id":{"$oid":"68bc7a320245f8f09868c5e1"},"Date":"2025-04-16","Song":"I'm The Problem","Artist":"Morgan Wallen","Rank":9,"Last Week":9,"Peak Position":2,"Weeks in Charts":10,"Image URL":"https://charts-static.billboard.com/img/2025/02/morgan-wallen-z1m-imtheproblem-wfr-180x180.jpg"}
{"_id":{"$oid":"68bc7a320245f8f09868c5e2"},"Date":"2025-04-16","Song":"Lose Control","Artist":"Teddy Swims","Rank":8,"Last Week":6,"Peak Position":1,"Weeks in Charts":86,"Image URL":"https://charts-static.billboard.com/img/2023/07/teddyswims-loq-losecontrol-4kx-180x180.jpg"}
{"_id":{"$oid":"68bc7a320245f8f09868c5e3"},"Date":"2025-04-16","Song":"Beautiful Things","Artist":"Benson Boone","Rank":10,"Last Week":11,"Peak Position":2,"Weeks in Charts":63,"Image URL":"https://charts-static.billboard.com/img/2024/02/bensonboone-941-beautifulthings-vvt-180x180.jpg"}
{"_id":{"$oid":"68bc7a320245f8f09868c63a"},"Date":"2025-04-23","Song":"Die With A Smile","Artist":"Lady Gaga & Bruno Mars","Rank":2,"Last Week":3,"Peak Position":1,"Weeks in Charts":35,"Image URL":"https://charts-static.billboard.com/img/2024/08/lady-gaga-r3b-diewithasmile-6og-180x180.jpg"}
{"_id":{"$oid":"68bc7a320245f8f09868c63d"},"Date":"2025-04-23","Song":"Nokia","Artist":"Drake","Rank":3,"Last Week":2,"Peak Position":2,"Weeks in Charts":9,"Image URL":"https://charts-static.billboard.com/img/2009/04/drake-bg5-180x180.jpg"}
{"_id":{"$oid":"68bc7a320245f8f09868c63f"},"Date":"2025-04-23","Song":"Luther","Artist":"Kendrick Lamar & SZA","Rank":1,"Last Week":1,"Peak Position":1,"Weeks in Charts":21,"Image URL":"#"}
{"_id":{"$oid":"68bc7a320245f8f09868c641"},"Date":"2025-04-23","Song":"Pink Pony Club","Artist":"Chappell Roan","Rank":4,"Last Week":5,"Peak Position":4,"Weeks in Charts":44,"Image URL":"https://charts-static.billboard.com/img/2024/06/chappellroan-bhw-pinkponyclub-14t-180x180.jpg"}
{"_id":{"$oid":"68bc7a320245f8f09868c642"},"Date":"2025-04-23","Song":"Ordinary","Artist":"Alex Warren","Rank":5,"Last Week":7,"Peak Position":5,"Weeks in Charts":10,"Image URL":"https://charts-static.billboard.com/img/2025/02/alexwarren-1ap-ordinary-jb8-180x180.jpg"}
{"_id":{"$oid":"68bc7a320245f8f09868c643"},"Date":"2025-04-23","Song":"A Bar Song (Tipsy)","Artist":"Shaboozey","Rank":6,"Last Week":6,"Peak Position":1,"Weeks in Charts":53,"Image URL":"https://charts-static.billboard.com/img/2024/04/shaboozey-2wm-abarsongtipsy-bat-180x180.jpg"}
{"_id":{"$oid":"68bc7a320245f8f09868c644"},"Date":"2025-04-23","Song":"Beautiful Things","Artist":"Benson Boone","Rank":9,"Last Week":10,"Peak Position":2,"Weeks in Charts":64,"Image URL":"https://charts-static.billboard.com/img/2024/02/bensonboone-941-beautifulthings-vvt-180x180.jpg"}
{"_id":{"$oid":"68bc7a320245f8f09868c645"},"Date":"2025-04-23","Song":"I'm The Problem","Artist":"Morgan Wallen","Rank":10,"Last Week":9,"Peak Position":2,"Weeks in Charts":11,"Image URL":"https://charts-static.billboard.com/img/2025/02/morgan-wallen-z1m-imtheproblem-wfr-180x180.jpg"}
{"_id":{"$oid":"68bc7a320245f8f09868c646"},"Date":"2025-04-23","Song":"Lose Control","Artist":"Teddy Swims","Rank":7,"Last Week":8,"Peak Position":1,"Weeks in Charts":87,"Image URL":"https://charts-static.billboard.com/img/2023/07/teddyswims-loq-losecontrol-4kx-180x180.jpg"}
{"_id":{"$oid":"68bc7a320245f8f09868c647"},"Date":"2025-04-23","Song":"All The Way","Artist":"BigXthaPlug Featuring Bailey Zimmerman","Rank":8,"Last Week":4,"Peak Position":4,"Weeks in Charts":2,"Image URL":"https://charts-static.billboard.com/img/2025/04/bigxthaplug-b0q-alltheway-z2y-180x180.jpg"}
{"_id":{"$oid":"68bc7a320245f8f09868c6a2"},"Date":"2025-04-30","Song":"Ordinary","Artist":"Alex Warren","Rank":3,"Last Week":5,"Peak Position":3,"Weeks in Charts":11,"Image URL":"https://charts-static.billboard.com/img/2025/02/alexwarren-1ap-ordinary-jb8-180x180.jpg"}
{"_id":{"$oid":"68bc7a320245f8f09868c6a3"},"Date":"2025-04-30","Song":"Luther","Artist":"Kendrick Lamar & SZA","Rank":1,"Last Week":1,"Peak Position":1,"Weeks in Charts":22,"Image URL":"#"}
{"_id":{"$oid":"68bc7a320245f8f09868c6a4"},"Date":"2025-04-30","Song":"A Bar Song (Tipsy)","Artist":"Shaboozey","Rank":5,"Last Week":6,"Peak Position":1,"Weeks in Charts":54,"Image URL":"https://charts-static.billboard.com/img/2024/04/shaboozey-2wm-abarsongtipsy-bat-180x180.jpg"}
{"_id":{"$oid":"68bc7a320245f8f09868c6a5"},"Date":"2025-04-30","Song":"Pink Pony Club","Artist":"Chappell Roan","Rank":6,"Last Week":4,"Peak Position":4,"Weeks in Charts":45,"Image URL":"https://charts-static.billboard.com/img/2024/06/chappellroan-bhw-pinkponyclub-14t-180x180.jpg"}
{"_id":{"$oid":"68bc7a320245f8f09868c6a6"},"Date":"2025-04-30","Song":"Nokia","Artist":"Drake","Rank":4,"Last Week":3,"Peak Position":2,"Weeks in Charts":10,"Image URL":"https://charts-static.billboard.com/img/2009/04/drake-bg5-180x180.jpg"}
{"_id":{"$oid":"68bc7a320245f8f09868c6a7"},"Date":"2025-04-30","Song":"Die With A Smile","Artist":"Lady Gaga & Bruno Mars","Rank":2,"Last Week":2,"Peak Position":1,"Weeks in Charts":36,"Image URL":"https://charts-static.billboard.com/img/2024/08/lady-gaga-r3b-diewithasmile-6og-180x180.jpg"}
{"_id":{"$oid":"68bc7a320245f8f09868c6a8"},"Date":"2025-04-30","Song":"I'm The Problem","Artist":"Morgan Wallen","Rank":7,"Last Week":10,"Peak Position":2,"Weeks in Charts":12,"Image URL":"https://charts-static.billboard.com/img/2025/02/morgan-wallen-z1m-imtheproblem-wfr-180x180.jpg"}
{"_id":{"$oid":"68bc7a320245f8f09868c6a9"},"Date":"2025-04-30","Song":"I Ain't Coming Back","Artist":"Morgan Wallen Featuring Post Malone","Rank":8,"Last Week":8,"Peak Position":1,"Weeks in Charts":"-","Image URL":"https://charts-static.billboard.com/img/2025/05/morgan-wallen-z1m-iaintcomingback-l13-180x180.jpg"}
{"_id":{"$oid":"68bc7a320245f8f09868c6ac"},"Date":"2025-04-30","Song":"Lose Control","Artist":"Teddy Swims","Rank":9,"Last Week":7,"Peak Position":1,"Weeks in Charts":88,"Image URL":"https://charts-static.billboard.com/img/2023/07/teddyswims-loq-losecontrol-4kx-180x180.jpg"}
{"_id":{"$oid":"68bc7a320245f8f09868c6af"},"Date":"2025-04-30","Song":"Beautiful Things","Artist":"Benson Boone","Rank":10,"Last Week":9,"Peak Position":2,"Weeks in Charts":65,"Image URL":"https://charts-static.billboard.com/img/2024/02/bensonboone-941-beautifulthings-vvt-180x180.jpg"}
{"_id":{"$oid":"68bc7a320245f8f09868c706"},"Date":"2025-05-07","Song":"Die With A Smile","Artist":"Lady Gaga & Bruno Mars","Rank":3,"Last Week":2,"Peak Position":1,"Weeks in Charts":37,"Image URL":"https://charts-static.billboard.com/img/2024/08/lady-gaga-r3b-diewithasmile-6og-180x180.jpg"}
{"_id":{"$oid":"68bc7a320245f8f09868c707"},"Date":"2025-05-07","Song":"Nokia","Artist":"Drake","Rank":4,"Last Week":4,"Peak Position":2,"Weeks in Charts":11,"Image URL":"https://charts-static.billboard.com/img/2009/04/drake-bg5-180x180.jpg"}
{"_id":{"$oid":"68bc7a320245f8f09868c708"},"Date":"2025-05-07","Song":"Luther","Artist":"Kendrick Lamar & SZA","Rank":1,"Last Week":1,"Peak Position":1,"Weeks in Charts":23,"Image URL":"#"}
{"_id":{"$oid":"68bc7a320245f8f09868c709"},"Date":"2025-05-07","Song":"Pink Pony Club","Artist":"Chappell Roan","Rank":6,"Last Week":6,"Peak Position":4,"Weeks in Charts":46,"Image URL":"https://charts-static.billboard.com/img/2024/06/chappellroan-bhw-pinkponyclub-14t-180x180.jpg"}
{"_id":{"$oid":"68bc7a320245f8f09868c70a"},"Date":"2025-05-07","Song":"A Bar Song (Tipsy)","Artist":"Shaboozey","Rank":5,"Last Week":5,"Peak Position":1,"Weeks in Charts":55,"Image URL":"https://charts-static.billboard.com/img/2024/04/shaboozey-2wm-abarsongtipsy-bat-180x180.jpg"}
{"_id":{"$oid":"68bc7a320245f8f09868c70b"},"Date":"2025-05-07","Song":"Ordinary","Artist":"Alex Warren","Rank":2,"Last Week":3,"Peak Position":2,"Weeks in Charts":12,"Image URL":"https://charts-static.billboard.com/img/2025/02/alexwarren-1ap-ordinary-jb8-180x180.jpg"}
{"_id":{"$oid":"68bc7a320245f8f09868c70d"},"Date":"2025-05-07","Song":"Beautiful Things","Artist":"Benson Boone","Rank":9,"Last Week":10,"Peak Position":2,"Weeks in Charts":66,"Image URL":"https://charts-static.billboard.com/img/2024/02/bensonboone-941-beautifulthings-vvt-180x180.jpg"}
{"_id":{"$oid":"68bc7a320245f8f09868c70e"},"Date":"2025-05-07","Song":"Lose Control","Artist":"Teddy Swims","Rank":7,"Last Week":9,"Peak Position":1,"Weeks in Charts":89,"Image URL":"https://charts-static.billboard.com/img/2023/07/teddyswims-loq-losecontrol-4kx-180x180.jpg"}
{"_id":{"$oid":"68bc7a320245f8f09868c710"},"Date":"2025-05-07","Song":"I'm The Problem","Artist":"Morgan Wallen","Rank":8,"Last Week":7,"Peak Position":2,"Weeks in Charts":13,"Image URL":"https://charts-static.billboard.com/img/2025/02/morgan-wallen-z1m-imtheproblem-wfr-180x180.jpg"}
{"_id":{"$oid":"68bc7a320245f8f09868c712"},"Date":"2025-05-07","Song":"Anxiety","Artist":"Doechii","Rank":10,"Last Week":12,"Peak Position":10,"Weeks in Charts":8,"Image URL":"https://charts-static.billboard.com/img/2025/03/doechii-p52-anxiety-ht8-180x180.jpg"}
{"_id":{"$oid":"68bc7a320245f8f09868c769"},"Date":"2025-05-14","Song":"Luther","Artist":"Kendrick Lamar & SZA","Rank":1,"Last Week":1,"Peak Position":1,"Weeks in Charts":24,"Image URL":"#"}
{"_id":{"$oid":"68bc7a320245f8f09868c76b"},"Date":"2025-05-14","Song":"Ordinary","Artist":"Alex Warren","Rank":2,"Last Week":2,"Peak Position":2,"Weeks in Charts":13,"Image URL":"https://charts-static.billboard.com/img/2025/02/alexwarren-1ap-ordinary-jb8-180x180.jpg"}
{"_id":{"$oid":"68bc7a320245f8f09868c76c"},"Date":"2025-05-14","Song":"Nokia","Artist":"Drake","Rank":5,"Last Week":4,"Peak Position":2,"Weeks in Charts":12,"Image URL":"https://charts-static.billboard.com/img/2009/04/drake-bg5-180x180.jpg"}
{"_id":{"$oid":"68bc7a320245f8f09868c76d"},"Date":"2025-05-14","Song":"Pink Pony Club","Artist":"Chappell Roan","Rank":6,"Last Week":6,"Peak Position":4,"Weeks in Charts":47,"Image URL":"https://charts-static.billboard.com/img/2024/06/chappellroan-bhw-pinkponyclub-14t-180x180.jpg"}
{"_id":{"$oid":"68bc7a320245f8f09868c76e"},"Date":"2025-05-14","Song":"Die With A Smile","Artist":"Lady Gaga & Bruno Mars","Rank":3,"Last Week":3,"Peak Position":1,"Weeks in Charts":38,"Image URL":"https://charts-static.billboard.com/img/2024/08/lady-gaga-r3b-diewithasmile-6og-180x180.jpg"}
{"_id":{"$oid":"68bc7a320245f8f09868c76f"},"Date":"2025-05-14","Song":"A Bar Song (Tipsy)","Artist":"Shaboozey","Rank":4,"Last Week":5,"Peak Position":1,"Weeks in Charts":56,"Image URL":"https://charts-static.billboard.com/img/2024/04/shaboozey-2wm-abarsongtipsy-bat-180x180.jpg"}
{"_id":{"$oid":"68bc7a320245f8f09868c770"},"Date":"2025-05-14","Song":"Beautiful Things","Artist":"Benson Boone","Rank":8,"Last Week":9,"Peak Position":2,"Weeks in Charts":67,"Image URL":"https://charts-static.billboard.com/img/2024/02/bensonboone-941-beautifulthings-vvt-180x180.jpg"}
{"_id":{"$oid":"68bc7a320245f8f09868c771"},"Date":"2025-05-14","Song":"Lose Control","Artist":"Teddy Swims","Rank":7,"Last Week":7,"Peak Position":1,"Weeks in Charts":90,"Image URL":"https://charts-static.billboard.com/img/2023/07/teddyswims-loq-losecontrol-4kx-180x180.jpg"}
{"_id":{"$oid":"68bc7a320245f8f09868c772"},"Date":"2025-05-14","Song":"Anxiety","Artist":"Doechii","Rank":9,"Last Week":10,"Peak Position":9,"Weeks in Charts":9,"Image URL":"https://charts-static.billboard.com/img/2025/03/doechii-p52-anxiety-ht8-180x180.jpg"}
{"_id":{"$oid":"68bc7a320245f8f09868c773"},"Date":"2025-05-14","Song":"I'm The Problem","Artist":"Morgan Wallen","Rank":10,"Last Week":8,"Peak Position":2,"Weeks in Charts":14,"Image URL":"https://charts-static.billboard.com/img/2025/02/morgan-wallen-z1m-imtheproblem-wfr-180x180.jpg"}
{"_id":{"$oid":"68bc7a320245f8f09868c7c8"},"Date":"2025-05-21","Song":"Luther","Artist":"Kendrick Lamar & SZA","Rank":1,"Last Week":1,"Peak Position":1,"Weeks in Charts":25,"Image URL":"#"}
{"_id":{"$oid":"68bc7a320245f8f09868c7cf"},"Date":"2025-05-21","Song":"Ordinary","Artist":"Alex Warren","Rank":2,"Last Week":2,"Peak Position":2,"Weeks in Charts":14,"Image URL":"https://charts-static.billboard.com/img/2025/02/alexwarren-1ap-ordinary-jb8-180x180.jpg"}
{"_id":{"$oid":"68bc7a320245f8f09868c7d0"},"Date":"2025-05-21","Song":"Nokia","Artist":"Drake","Rank":5,"Last Week":5,"Peak Position":2,"Weeks in Charts":13,"Image URL":"https://charts-static.billboard.com/img/2009/04/drake-bg5-180x180.jpg"}
{"_id":{"$oid":"68bc7a320245f8f09868c7d1"},"Date":"2025-05-21","Song":"Die With A Smile","Artist":"Lady Gaga & Bruno Mars","Rank":3,"Last Week":3,"Peak Position":1,"Weeks in Charts":39,"Image URL":"https://charts-static.billboard.com/img/2024/08/lady-gaga-r3b-diewithasmile-6og-180x180.jpg"}
{"_id":{"$oid":"68bc7a320245f8f09868c7d2"},"Date":"2025-05-21","Song":"I'm The Problem","Artist":"Morgan Wallen","Rank":6,"Last Week":10,"Peak Position":2,"Weeks in Charts":15,"Image URL":"https://charts-static.billboard.com/img/2025/02/morgan-wallen-z1m-imtheproblem-wfr-180x180.jpg"}
{"_id":{"$oid":"68bc7a320245f8f09868c7d3"},"Date":"2025-05-21","Song":"A Bar Song (Tipsy)","Artist":"Shaboozey","Rank":4,"Last Week":4,"Peak Position":1,"Weeks in Charts":57,"Image URL":"https://charts-static.billboard.com/img/2024/04/shaboozey-2wm-abarsongtipsy-bat-180x180.jpg"}
{"_id":{"$oid":"68bc7a320245f8f09868c7d4"},"Date":"2025-05-21","Song":"Lose Control","Artist":"Teddy Swims","Rank":7,"Last Week":7,"Peak Position":1,"Weeks in Charts":91,"Image URL":"https://charts-static.billboard.com/img/2023/07/teddyswims-loq-losecontrol-4kx-180x180.jpg"}
{"_id":{"$oid":"68bc7a320245f8f09868c7d5"},"Date":"2025-05-21","Song":"Beautiful Things","Artist":"Benson Boone","Rank":8,"Last Week":8,"Peak Position":2,"Weeks in Charts":68,"Image URL":"https://charts-static.billboard.com/img/2024/02/bensonboone-941-beautifulthings-vvt-180x180.jpg"}
{"_id":{"$oid":"68bc7a320245f8f09868c7d6"},"Date":"2025-05-21","Song":"Pink Pony Club","Artist":"Chappell Roan","Rank":9,"Last Week":6,"Peak Position":4,"Weeks in Charts":48,"Image URL":"https://charts-static.billboard.com/img/2024/06/chappellroan-bhw-pinkponyclub-14t-180x180.jpg"}
{"_id":{"$oid":"68bc7a320245f8f09868c7d8"},"Date":"2025-05-21","Song":"Anxiety","Artist":"Doechii","Rank":10,"Last Week":9,"Peak Position":9,"Weeks in Charts":10,"Image URL":"https://charts-static.billboard.com/img/2025/03/doechii-p52-anxiety-ht8-180x180.jpg"}
{"_id":{"$oid":"68bc7a320245f8f09868c832"},"Date":"2025-05-28","Song":"Just In Case","Artist":"Morgan Wallen","Rank":2,"Last Week":11,"Peak Position":2,"Weeks in Charts":9,"Image URL":"https://charts-static.billboard.com/img/2025/04/morgan-wallen-z1m-justincase-eos-180x180.jpg"}
{"_id":{"$oid":"68bc7a320245f8f09868c833"},"Date":"2025-05-28","Song":"What I Want","Artist":"Morgan Wallen Featuring Tate McRae","Rank":1,"Last Week":1,"Peak Position":1,"Weeks in Charts":"-","Image URL":"https://charts-static.billboard.com/img/2016/08/morgan-wallen-z1m-180x180.jpg"}
{"_id":{"$oid":"68bc7a320245f8f09868c834"},"Date":"2025-05-28","Song":"Ordinary","Artist":"Alex Warren","Rank":4,"Last Week":2,"Peak Position":2,"Weeks in Charts":15,"Image URL":"https://charts-static.billboard.com/img/2025/02/alexwarren-1ap-ordinary-jb8-180x180.jpg"}
{"_id":{"$oid":"68bc7a320245f8f09868c835"},"Date":"2025-05-28","Song":"I'm The Problem","Artist":"Morgan Wallen","Rank":3,"Last Week":6,"Peak Position":2,"Weeks in Charts":16,"Image URL":"https://charts-static.billboard.com/img/2025/02/morgan-wallen-z1m-imtheproblem-wfr-180x180.jpg"}
{"_id":{"$oid":"68bc7a320245f8f09868c836"},"Date":"2025-05-28","Song":"Luther","Artist":"Kendrick Lamar & SZA","Rank":5,"Last Week":1,"Peak Position":1,"Weeks in Charts":26,"Image URL":"#"}
{"_id":{"$oid":"68bc7a320245f8f09868c837"},"Date":"2025-05-28","Song":"Die With A Smile","Artist":"Lady Gaga & Bruno Mars","Rank":6,"Last Week":3,"Peak Position":1,"Weeks in Charts":40,"Image URL":"https://charts-static.billboard.com/img/2024/08/lady-gaga-r3b-diewithasmile-6og-180x180.jpg"}
{"_id":{"$oid":"68bc7a320245f8f09868c838"},"Date":"2025-05-28","Song":"I Got Better","Artist":"Morgan Wallen","Rank":7,"Last Week":7,"Peak Position":1,"Weeks in Charts":"-","Image URL":"https://charts-static.billboard.com/img/2025/05/morgan-wallen-z1m-igotbetter-8s9-180x180.jpg"}
{"_id":{"$oid":"68bc7a320245f8f09868c839"},"Date":"2025-05-28","Song":"A Bar Song (Tipsy)","Artist":"Shaboozey","Rank":9,"Last Week":4,"Peak Position":1,"Weeks in Charts":58,"Image URL":"https://charts-static.billboard.com/img/2024/04/shaboozey-2wm-abarsongtipsy-bat-180x180.jpg"}
{"_id":{"$oid":"68bc7a320245f8f09868c83a"},"Date":"2025-05-28","Song":"Superman","Artist":"Morgan Wallen","Rank":8,"Last Week":16,"Peak Position":8,"Weeks in Charts":2,"Image URL":"https://charts-static.billboard.com/img/2025/05/morgan-wallen-z1m-superman-pah-180x180.jpg"}
{"_id":{"$oid":"68bc7a320245f8f09868c83b"},"Date":"2025-05-28","Song":"Love Somebody","Artist":"Morgan Wallen","Rank":10,"Last Week":18,"Peak Position":1,"Weeks in Charts":31,"Image URL":"https://charts-static.billboard.com/img/2024/11/morgan-wallen-z1m-lovesomebody-a74-180x180.jpg"}
{"_id":{"$oid":"68bc7a320245f8f09868c896"},"Date":"2025-06-04","Song":"What I Want","Artist":"Morgan Wallen Featuring Tate McRae","Rank":2,"Last Week":1,"Peak Position":1,"Weeks in Charts":2,"Image URL":"https://charts-static.billboard.com/img/2016/08/morgan-wallen-z1m-180x180.jpg"}
{"_id":{"$oid":"68bc7a320245f8f09868c897"},"Date":"2025-06-04","Song":"Ordinary","Artist":"Alex Warren","Rank":1,"Last Week":4,"Peak Position":1,"Weeks in Charts":16,"Image URL":"https://charts-static.billboard.com/img/2025/02/alexwarren-1ap-ordinary-jb8-180x180.jpg"}
{"_id":{"$oid":"68bc7a320245f8f09868c898"},"Date":"2025-06-04","Song":"I'm The Problem","Artist":"Morgan Wallen","Rank":4,"Last Week":3,"Peak Position":2,"Weeks in Charts":17,"Image URL":"https://charts-static.billboard.com/img/2025/02/morgan-wallen-z1m-imtheproblem-wfr-180x180.jpg"}
{"_id":{"$oid":"68bc7a320245f8f09868c899"},"Date":"2025-06-04","Song":"Just In Case","Artist":"Morgan Wallen","Rank":3,"Last Week":2,"Peak Position":2,"Weeks in Charts":10,"Image URL":"https://charts-static.billboard.com/img/2025/04/morgan-wallen-z1m-justincase-eos-180x180.jpg"}
{"_id":{"$oid":"68bc7a320245f8f09868c89a"},"Date":"2025-06-04","Song":"A Bar Song (Tipsy)","Artist":"Shaboozey","Rank":6,"Last Week":9,"Peak Position":1,"Weeks in Charts":59,"Image URL":"https://charts-static.billboard.com/img/2024/04/shaboozey-2wm-abarsongtipsy-bat-180x180.jpg"}
{"_id":{"$oid":"68bc7a320245f8f09868c89b"},"Date":"2025-06-04","Song":"Luther","Artist":"Kendrick Lamar & SZA","Rank":5,"Last Week":5,"Peak Position":1,"Weeks in Charts":27,"Image URL":"#"}
{"_id":{"$oid":"68bc7a320245f8f09868c89c"},"Date":"2025-06-04","Song":"Lose Control","Artist":"Teddy Swims","Rank":8,"Last Week":11,"Peak Position":1,"Weeks in Charts":93,"Image URL":"https://charts-static.billboard.com/img/2023/07/teddyswims-loq-losecontrol-4kx-180x180.jpg"}
{"_id":{"$oid":"68bc7a320245f8f09868c89d"},"Date":"2025-06-04","Song":"Nokia","Artist":"Drake","Rank":9,"Last Week":12,"Peak Position":2,"Weeks in Charts":15,"Image URL":"https://charts-static.billboard.com/img/2009/04/drake-bg5-180x180.jpg"}
{"_id":{"$oid":"68bc7a320245f8f09868c89e"},"Date":"2025-06-04","Song":"Die With A Smile","Artist":"Lady Gaga & Bruno Mars","Rank":7,"Last Week":6,"Peak Position":1,"Weeks in Charts":41,"Image URL":"https://charts-static.billboard.com/img/2024/08/lady-gaga-r3b-diewithasmile-6og-180x180.jpg"}
{"_id":{"$oid":"68bc7a320245f8f09868c89f"},"Date":"2025-06-04","Song":"Beautiful Things","Artist":"Benson Boone","Rank":10,"Last Week":14,"Peak Position":2,"Weeks in Charts":70,"Image URL":"https://charts-static.billboard.com/img/2024/02/bensonboone-941-beautifulthings-vvt-180x180.jpg"}
{"_id":{"$oid":"68bc7a320245f8f09868c8f7"},"Date":"2025-06-11","Song":"Ordinary","Artist":"Alex Warren","Rank":1,"Last Week":1,"Peak Position":1,"Weeks in Charts":17,"Image URL":"https://charts-static.billboard.com/img/2025/02/alexwarren-1ap-ordinary-jb8-180x180.jpg"}
{"_id":{"$oid":"68bc7a320245f8f09868c8fb"},"Date":"2025-06-11","Song":"Just In Case","Artist":"Morgan Wallen","Rank":3,"Last Week":3,"Peak Position":2,"Weeks in Charts":11,"Image URL":"https://charts-static.billboard.com/img/2025/04/morgan-wallen-z1m-justincase-eos-180x180.jpg"}
{"_id":{"$oid":"68bc7a320245f8f09868c8fc"},"Date":"2025-06-11","Song":"What I Want","Artist":"Morgan Wallen Featuring Tate McRae","Rank":2,"Last Week":2,"Peak Position":1,"Weeks in Charts":3,"Image URL":"https://charts-static.billboard.com/img/2016/08/morgan-wallen-z1m-180x180.jpg"}
{"_id":{"$oid":"68bc7a320245f8f09868c8fd"},"Date":"2025-06-11","Song":"Luther","Artist":"Kendrick Lamar & SZA","Rank":4,"Last Week":5,"Peak Position":1,"Weeks in Charts":28,"Image URL":"#"}
{"_id":{"$oid":"68bc7a320245f8f09868c8fe"},"Date":"2025-06-11","Song":"I'm The Problem","Artist":"Morgan Wallen","Rank":5,"Last Week":4,"Peak Position":2,"Weeks in Charts":18,"Image URL":"https://charts-static.billboard.com/img/2025/02/morgan-wallen-z1m-imtheproblem-wfr-180x180.jpg"}
{"_id":{"$oid":"68bc7a320245f8f09868c8ff"},"Date":"2025-06-11","Song":"A Bar Song (Tipsy)","Artist":"Shaboozey","Rank":6,"Last Week":6,"Peak Position":1,"Weeks in Charts":60,"Image URL":"https://charts-static.billboard.com/img/2024/04/shaboozey-2wm-abarsongtipsy-bat-180x180.jpg"}
{"_id":{"$oid":"68bc7a320245f8f09868c900"},"Date":"2025-06-11","Song":"Lose Control","Artist":"Teddy Swims","Rank":8,"Last Week":8,"Peak Position":1,"Weeks in Charts":94,"Image URL":"https://charts-static.billboard.com/img/2023/07/teddyswims-loq-losecontrol-4kx-180x180.jpg"}
{"_id":{"$oid":"68bc7a320245f8f09868c901"},"Date":"2025-06-11","Song":"Nokia","Artist":"Drake","Rank":10,"Last Week":9,"Peak Position":2,"Weeks in Charts":16,"Image URL":"https://charts-static.billboard.com/img/2009/04/drake-bg5-180x180.jpg"}
{"_id":{"$oid":"68bc7a320245f8f09868c902"},"Date":"2025-06-11","Song":"Die With A Smile","Artist":"Lady Gaga & Bruno Mars","Rank":7,"Last Week":7,"Peak Position":1,"Weeks in Charts":42,"Image URL":"https://charts-static.billboard.com/img/2024/08/lady-gaga-r3b-diewithasmile-6og-180x180.jpg"}
{"_id":{"$oid":"68bc7a320245f8f09868c904"},"Date":"2025-06-11","Song":"Beautiful Things","Artist":"Benson Boone","Rank":9,"Last Week":10,"Peak Position":2,"Weeks in Charts":71,"Image URL":"https://charts-static.billboard.com/img/2024/02/bensonboone-941-beautifulthings-vvt-180x180.jpg"}
{"_id":{"$oid":"68bc7a320245f8f09868c95c"},"Date":"2025-06-18","Song":"Manchild","Artist":"Sabrina Carpenter","Rank":1,"Last Week":1,"Peak Position":1,"Weeks in Charts":"-","Image URL":"https://charts-static.billboard.com/img/2025/06/sabrina-carpenter-3b3-manchild-cmz-180x180.jpg"}
{"_id":{"$oid":"68bc7a320245f8f09868c95d"},"Date":"2025-06-18","Song":"Just In Case","Artist":"Morgan Wallen","Rank":4,"Last Week":3,"Peak Position":2,"Weeks in Charts":12,"Image URL":"https://charts-static.billboard.com/img/2025/04/morgan-wallen-z1m-justincase-eos-180x180.jpg"}
{"_id":{"$oid":"68bc7a320245f8f09868c95e"},"Date":"2025-06-18","Song":"What I Want","Artist":"Morgan Wallen Featuring Tate McRae","Rank":3,"Last Week":2,"Peak Position":1,"Weeks in Charts":4,"Image URL":"https://charts-static.billboard.com/img/2016/08/morgan-wallen-z1m-180x180.jpg"}
{"_id":{"$oid":"68bc7a320245f8f09868c95f"},"Date":"2025-06-18","Song":"Ordinary","Artist":"Alex Warren","Rank":2,"Last Week":1,"Peak Position":1,"Weeks in Charts":18,"Image URL":"https://charts-static.billboard.com/img/2025/02/alexwarren-1ap-ordinary-jb8-180x180.jpg"}
{"_id":{"$oid":"68bc7a320245f8f09868c962"},"Date":"2025-06-18","Song":"Luther","Artist":"Kendrick Lamar & SZA","Rank":5,"Last Week":4,"Peak Position":1,"Weeks in Charts":29,"Image URL":"#"}
{"_id":{"$oid":"68bc7a320245f8f09868c963"},"Date":"2025-06-18","Song":"Die With A Smile","Artist":"Lady Gaga & Bruno Mars","Rank":8,"Last Week":7,"Peak Position":1,"Weeks in Charts":43,"Image URL":"https://charts-static.billboard.com/img/2024/08/lady-gaga-r3b-diewithasmile-6og-180x180.jpg"}
{"_id":{"$oid":"68bc7a320245f8f09868c964"},"Date":"2025-06-18","Song":"Beautiful Things","Artist":"Benson Boone","Rank":10,"Last Week":9,"Peak Position":2,"Weeks in Charts":72,"Image URL":"https://charts-static.billboard.com/img/2024/02/bensonboone-941-beautifulthings-vvt-180x180.jpg"}
{"_id":{"$oid":"68bc7a320245f8f09868c966"},"Date":"2025-06-18","Song":"Lose Control","Artist":"Teddy Swims","Rank":9,"Last Week":8,"Peak Position":1,"Weeks in Charts":95,"Image URL":"https://charts-static.billboard.com/img/2023/07/teddyswims-loq-losecontrol-4kx-180x180.jpg"}
{"_id":{"$oid":"68bc7a320245f8f09868c968"},"Date":"2025-06-18","Song":"I'm The Problem","Artist":"Morgan Wallen","Rank":6,"Last Week":5,"Peak Position":2,"Weeks in Charts":19,"Image URL":"https://charts-static.billboard.com/img/2025/02/morgan-wallen-z1m-imtheproblem-wfr-180x180.jpg"}
{"_id":{"$oid":"68bc7a320245f8f09868c96a"},"Date":"2025-06-18","Song":"A Bar Song (Tipsy)","Artist":"Shaboozey","Rank":7,"Last Week":6,"Peak Position":1,"Weeks in Charts":61,"Image URL":"https://charts-static.billboard.com/img/2024/04/shaboozey-2wm-abarsongtipsy-bat-180x180.jpg"}
{"_id":{"$oid":"68bc7a320245f8f09868c9c1"},"Date":"2025-06-25","Song":"Manchild","Artist":"Sabrina Carpenter","Rank":2,"Last Week":1,"Peak Position":1,"Weeks in Charts":2,"Image URL":"https://charts-static.billboard.com/img/2025/06/sabrina-carpenter-3b3-manchild-cmz-180x180.jpg"}
{"_id":{"$oid":"68bc7a320245f8f09868c9c2"},"Date":"2025-06-25","Song":"What I Want","Artist":"Morgan Wallen Featuring Tate McRae","Rank":3,"Last Week":3,"Peak Position":1,"Weeks in Charts":5,"Image URL":"https://charts-static.billboard.com/img/2016/08/morgan-wallen-z1m-180x180.jpg"}
{"_id":{"$oid":"68bc7a320245f8f09868c9c4"},"Date":"2025-06-25","Song":"Ordinary","Artist":"Alex Warren","Rank":1,"Last Week":2,"Peak Position":1,"Weeks in Charts":19,"Image URL":"https://charts-static.billboard.com/img/2025/02/alexwarren-1ap-ordinary-jb8-180x180.jpg"}
{"_id":{"$oid":"68bc7a320245f8f09868c9c5"},"Date":"2025-06-25","Song":"Luther","Artist":"Kendrick Lamar & SZA","Rank":5,"Last Week":5,"Peak Position":1,"Weeks in Charts":30,"Image URL":"#"}
{"_id":{"$oid":"68bc7a320245f8f09868c9c6"},"Date":"2025-06-25","Song":"I'm The Problem","Artist":"Morgan Wallen","Rank":6,"Last Week":6,"Peak Position":2,"Weeks in Charts":20,"Image URL":"https://charts-static.billboard.com/img/2025/02/morgan-wallen-z1m-imtheproblem-wfr-180x180.jpg"}
{"_id":{"$oid":"68bc7a320245f8f09868c9c7"},"Date":"2025-06-25","Song":"Just In Case","Artist":"Morgan Wallen","Rank":4,"Last Week":4,"Peak Position":2,"Weeks in Charts":13,"Image URL":"https://charts-static.billboard.com/img/2025/04/morgan-wallen-z1m-justincase-eos-180x180.jpg"}
{"_id":{"$oid":"68bc7a320245f8f09868c9c8"},"Date":"2025-06-25","Song":"A Bar Song (Tipsy)","Artist":"Shaboozey","Rank":7,"Last Week":7,"Peak Position":1,"Weeks in Charts":62,"Image URL":"https://charts-static.billboard.com/img/2024/04/shaboozey-2wm-abarsongtipsy-bat-180x180.jpg"}
{"_id":{"$oid":"68bc7a320245f8f09868c9ca"},"Date":"2025-06-25","Song":"Beautiful Things","Artist":"Benson Boone","Rank":10,"Last Week":10,"Peak Position":2,"Weeks in Charts":73,"Image URL":"https://charts-static.billboard.com/img/2024/02/bensonboone-941-beautifulthings-vvt-180x180.jpg"}
{"_id":{"$oid":"68bc7a320245f8f09868c9cc"},"Date":"2025-06-25","Song":"Die With A Smile","Artist":"Lady Gaga & Bruno Mars","Rank":8,"Last Week":8,"Peak Position":1,"Weeks in Charts":44,"Image URL":"https://charts-static.billboard.com/img/2024/08/lady-gaga-r3b-diewithasmile-6og-180x180.jpg"}
{"_id":{"$oid":"68bc7a320245f8f09868c9cf"},"Date":"2025-06-25","Song":"Lose Control","Artist":"Teddy Swims","Rank":9,"Last Week":9,"Peak Position":1,"Weeks in Charts":96,"Image URL":"https://charts-static.billboard.com/img/2023/07/teddyswims-loq-losecontrol-4kx-180x180.jpg"}
{"_id":{"$oid":"68bc7a320245f8f09868ca24"},"Date":"2025-07-02","Song":"Ordinary","Artist":"Alex Warren","Rank":1,"Last Week":1,"Peak Position":1,"Weeks in Charts":20,"Image URL":"https://charts-static.billboard.com/img/2025/02/alexwarren-1ap-ordinary-jb8-180x180.jpg"}
{"_id":{"$oid":"68bc7a320245f8f09868ca25"},"Date":"2025-07-02","Song":"Manchild","Artist":"Sabrina Carpenter","Rank":3,"Last Week":2,"Peak Position":1,"Weeks in Charts":3,"Image URL":"https://charts-static.billboard.com/img/2025/06/sabrina-carpenter-3b3-manchild-cmz-180x180.jpg"}
{"_id":{"$oid":"68bc7a320245f8f09868ca28"},"Date":"2025-07-02","Song":"Just In Case","Artist":"Morgan Wallen","Rank":4,"Last Week":4,"Peak Position":2,"Weeks in Charts":14,"Image URL":"https://charts-static.billboard.com/img/2025/04/morgan-wallen-z1m-justincase-eos-180x180.jpg"}
{"_id":{"$oid":"68bc7a320245f8f09868ca29"},"Date":"2025-07-02","Song":"What I Want","Artist":"Morgan Wallen Featuring Tate McRae","Rank":2,"Last Week":3,"Peak Position":1,"Weeks in Charts":6,"Image URL":"https://charts-static.billboard.com/img/2016/08/morgan-wallen-z1m-180x180.jpg"}
{"_id":{"$oid":"68bc7a320245f8f09868ca2a"},"Date":"2025-07-02","Song":"I'm The Problem","Artist":"Morgan Wallen","Rank":5,"Last Week":6,"Peak Position":2,"Weeks in Charts":21,"Image URL":"https://charts-static.billboard.com/img/2025/02/morgan-wallen-z1m-imtheproblem-wfr-180x180.jpg"}
{"_id":{"$oid":"68bc7a320245f8f09868ca2b"},"Date":"2025-07-02","Song":"Luther","Artist":"Kendrick Lamar & SZA","Rank":6,"Last Week":5,"Peak Position":1,"Weeks in Charts":31,"Image URL":"#"}
{"_id":{"$oid":"68bc7a320245f8f09868ca2c"},"Date":"2025-07-02","Song":"Lose Control","Artist":"Teddy Swims","Rank":9,"Last Week":9,"Peak Position":1,"Weeks in Charts":97,"Image URL":"https://charts-static.billboard.com/img/2023/07/teddyswims-loq-losecontrol-4kx-180x180.jpg"}
{"_id":{"$oid":"68bc7a320245f8f09868ca2d"},"Date":"2025-07-02","Song":"Outside","Artist":"Cardi B","Rank":10,"Last Week":10,"Peak Position":1,"Weeks in Charts":"-","Image URL":"https://charts-static.billboard.com/img/2025/07/cardi-b-84g-outside-9d0-180x180.jpg"}
{"_id":{"$oid":"68bc7a320245f8f09868ca30"},"Date":"2025-07-02","Song":"A Bar Song (Tipsy)","Artist":"Shaboozey","Rank":7,"Last Week":7,"Peak Position":1,"Weeks in Charts":63,"Image URL":"https://charts-static.billboard.com/img/2024/04/shaboozey-2wm-abarsongtipsy-bat-180x180.jpg"}
{"_id":{"$oid":"68bc7a320245f8f09868ca32"},"Date":"2025-07-02","Song":"Die With A Smile","Artist":"Lady Gaga & Bruno Mars","Rank":8,"Last Week":8,"Peak Position":1,"Weeks in Charts":45,"Image URL":"https://charts-static.billboard.com/img/2024/08/lady-gaga-r3b-diewithasmile-6og-180x180.jpg"}
{"_id":{"$oid":"68bc7a320245f8f09868ca89"},"Date":"2025-07-09","Song":"Ordinary","Artist":"Alex Warren","Rank":1,"Last Week":1,"Peak Position":1,"Weeks in Charts":21,"Image URL":"https://charts-static.billboard.com/img/2025/02/alexwarren-1ap-ordinary-jb8-180x180.jpg"}
{"_id":{"$oid":"68bc7a320245f8f09868ca8b"},"Date":"2025-07-09","Song":"What I Want","Artist":"Morgan Wallen Featuring Tate McRae","Rank":2,"Last Week":2,"Peak Position":1,"Weeks in Charts":7,"Image URL":"https://charts-static.billboard.com/img/2016/08/morgan-wallen-z1m-180x180.jpg"}
{"_id":{"$oid":"68bc7a320245f8f09868ca8c"},"Date":"2025-07-09","Song":"I'm The Problem","Artist":"Morgan Wallen","Rank":5,"Last Week":5,"Peak Position":2,"Weeks in Charts":22,"Image URL":"https://charts-static.billboard.com/img/2025/02/morgan-wallen-z1m-imtheproblem-wfr-180x180.jpg"}
{"_id":{"$oid":"68bc7a320245f8f09868ca8d"},"Date":"2025-07-09","Song":"Manchild","Artist":"Sabrina Carpenter","Rank":7,"Last Week":3,"Peak Position":1,"Weeks in Charts":4,"Image URL":"https://charts-static.billboard.com/img/2025/06/sabrina-carpenter-3b3-manchild-cmz-180x180.jpg"}
{"_id":{"$oid":"68bc7a320245f8f09868ca8e"},"Date":"2025-07-09","Song":"Lose Control","Artist":"Teddy Swims","Rank":8,"Last Week":9,"Peak Position":1,"Weeks in Charts":98,"Image URL":"https://charts-static.billboard.com/img/2023/07/teddyswims-loq-losecontrol-4kx-180x180.jpg"}
{"_id":{"$oid":"68bc7a320245f8f09868ca8f"},"Date":"2025-07-09","Song":"Luther","Artist":"Kendrick Lamar & SZA","Rank":6,"Last Week":6,"Peak Position":1,"Weeks in Charts":32,"Image URL":"#"}
{"_id":{"$oid":"68bc7a320245f8f09868ca90"},"Date":"2025-07-09","Song":"Die With A Smile","Artist":"Lady Gaga & Bruno Mars","Rank":9,"Last Week":8,"Peak Position":1,"Weeks in Charts":46,"Image URL":"https://charts-static.billboard.com/img/2024/08/lady-gaga-r3b-diewithasmile-6og-180x180.jpg"}
{"_id":{"$oid":"68bc7a320245f8f09868ca91"},"Date":"2025-07-09","Song":"Just In Case","Artist":"Morgan Wallen","Rank":3,"Last Week":4,"Peak Position":2,"Weeks in Charts":15,"Image URL":"https://charts-static.billboard.com/img/2025/04/morgan-wallen-z1m-justincase-eos-180x180.jpg"}
{"_id":{"$oid":"68bc7a320245f8f09868ca92"},"Date":"2025-07-09","Song":"Pink Pony Club","Artist":"Chappell Roan","Rank":10,"Last Week":11,"Peak Position":4,"Weeks in Charts":55,"Image URL":"https://charts-static.billboard.com/img/2024/06/chappellroan-bhw-pinkponyclub-14t-180x180.jpg"}
{"_id":{"$oid":"68bc7a320245f8f09868ca93"},"Date":"2025-07-09","Song":"A Bar Song (Tipsy)","Artist":"Shaboozey","Rank":4,"Last Week":7,"Peak Position":1,"Weeks in Charts":64,"Image URL":"https://charts-static.billboard.com/img/2024/04/shaboozey-2wm-abarsongtipsy-bat-180x180.jpg"}
{"_id":{"$oid":"68bc7a320245f8f09868caed"},"Date":"2025-07-16","Song":"Ordinary","Artist":"Alex Warren","Rank":1,"Last Week":1,"Peak Position":1,"Weeks in Charts":22,"Image URL":"https://charts-static.billboard.com/img/2025/02/alexwarren-1ap-ordinary-jb8-180x180.jpg"}
{"_id":{"$oid":"68bc7a320245f8f09868caee"},"Date":"2025-07-16","Song":"What Did I Miss?","Artist":"Drake","Rank":2,"Last Week":2,"Peak Position":1,"Weeks in Charts":"-","Image URL":"https://charts-static.billboard.com/img/2025/07/drake-bg5-whatdidimissX-fvw-180x180.jpg"}
{"_id":{"$oid":"68bc7a320245f8f09868caf0"},"Date":"2025-07-16","Song":"What I Want","Artist":"Morgan Wallen Featuring Tate McRae","Rank":3,"Last Week":2,"Peak Position":1,"Weeks in Charts":8,"Image URL":"https://charts-static.billboard.com/img/2016/08/morgan-wallen-z1m-180x180.jpg"}
{"_id":{"$oid":"68bc7a320245f8f09868caf1"},"Date":"2025-07-16","Song":"Just In Case","Artist":"Morgan Wallen","Rank":4,"Last Week":3,"Peak Position":2,"Weeks in Charts":16,"Image URL":"https://charts-static.billboard.com/img/2025/04/morgan-wallen-z1m-justincase-eos-180x180.jpg"}
{"_id":{"$oid":"68bc7a320245f8f09868caf2"},"Date":"2025-07-16","Song":"Luther","Artist":"Kendrick Lamar & SZA","Rank":7,"Last Week":6,"Peak Position":1,"Weeks in Charts":33,"Image URL":"#"}
{"_id":{"$oid":"68bc7a320245f8f09868caf3"},"Date":"2025-07-16","Song":"Lose Control","Artist":"Teddy Swims","Rank":9,"Last Week":8,"Peak Position":1,"Weeks in Charts":99,"Image URL":"https://charts-static.billboard.com/img/2023/07/teddyswims-loq-losecontrol-4kx-180x180.jpg"}
{"_id":{"$oid":"68bc7a320245f8f09868caf4"},"Date":"2025-07-16","Song":"I'm The Problem","Artist":"Morgan Wallen","Rank":8,"Last Week":5,"Peak Position":2,"Weeks in Charts":23,"Image URL":"https://charts-static.billboard.com/img/2025/02/morgan-wallen-z1m-imtheproblem-wfr-180x180.jpg"}
{"_id":{"$oid":"68bc7a320245f8f09868caf5"},"Date":"2025-07-16","Song":"A Bar Song (Tipsy)","Artist":"Shaboozey","Rank":5,"Last Week":4,"Peak Position":1,"Weeks in Charts":65,"Image URL":"https://charts-static.billboard.com/img/2024/04/shaboozey-2wm-abarsongtipsy-bat-180x180.jpg"}
{"_id":{"$oid":"68bc7a320245f8f09868caf6"},"Date":"2025-07-16","Song":"Die With A Smile","Artist":"Lady Gaga & Bruno Mars","Rank":10,"Last Week":9,"Peak Position":1,"Weeks in Charts":47,"Image URL":"https://charts-static.billboard.com/img/2024/08/lady-gaga-r3b-diewithasmile-6og-180x180.jpg"}
{"_id":{"$oid":"68bc7a320245f8f09868caf7"},"Date":"2025-07-16","Song":"Golden","Artist":"HUNTR/X: EJAE| Audrey Nuna & REI AMI","Rank":6,"Last Week":23,"Peak Position":6,"Weeks in Charts":3,"Image URL":"https://charts-static.billboard.com/img/2025/07/huntrx-000-golden-ozh-180x180.jpg"}
{"_id":{"$oid":"68bc7a320245f8f09868cb4f"},"Date":"2025-07-23","Song":"Ordinary","Artist":"Alex Warren","Rank":1,"Last Week":1,"Peak Position":1,"Weeks in Charts":23,"Image URL":"https://charts-static.billboard.com/img/2025/02/alexwarren-1ap-ordinary-jb8-180x180.jpg"}
{"_id":{"$oid":"68bc7a320245f8f09868cb50"},"Date":"2025-07-23","Song":"Daisies","Artist":"Justin Bieber","Rank":2,"Last Week":2,"Peak Position":1,"Weeks in Charts":"-","Image URL":"#"}
{"_id":{"$oid":"68bc7a320245f8f09868cb52"},"Date":"2025-07-23","Song":"What I Want","Artist":"Morgan Wallen Featuring Tate McRae","Rank":3,"Last Week":3,"Peak Position":1,"Weeks in Charts":9,"Image URL":"https://charts-static.billboard.com/img/2016/08/morgan-wallen-z1m-180x180.jpg"}
{"_id":{"$oid":"68bc7a320245f8f09868cb54"},"Date":"2025-07-23","Song":"Golden","Artist":"HUNTR/X: EJAE| Audrey Nuna & REI AMI","Rank":4,"Last Week":6,"Peak Position":4,"Weeks in Charts":4,"Image URL":"https://charts-static.billboard.com/img/2025/07/huntrx-000-golden-ozh-180x180.jpg"}
{"_id":{"$oid":"68bc7a320245f8f09868cb56"},"Date":"2025-07-23","Song":"Just In Case","Artist":"Morgan Wallen","Rank":5,"Last Week":4,"Peak Position":2,"Weeks in Charts":17,"Image URL":"https://charts-static.billboard.com/img/2025/04/morgan-wallen-z1m-justincase-eos-180x180.jpg"}
{"_id":{"$oid":"68bc7a320245f8f09868cb57"},"Date":"2025-07-23","Song":"What Did I Miss?","Artist":"Drake","Rank":8,"Last Week":2,"Peak Position":2,"Weeks in Charts":2,"Image URL":"https://charts-static.billboard.com/img/2025/07/drake-bg5-whatdidimissX-fvw-180x180.jpg"}
{"_id":{"$oid":"68bc7a320245f8f09868cb59"},"Date":"2025-07-23","Song":"Die With A Smile","Artist":"Lady Gaga & Bruno Mars","Rank":10,"Last Week":10,"Peak Position":1,"Weeks in Charts":48,"Image URL":"https://charts-static.billboard.com/img/2024/08/lady-gaga-r3b-diewithasmile-6og-180x180.jpg"}
{"_id":{"$oid":"68bc7a320245f8f09868cb5a"},"Date":"2025-07-23","Song":"A Bar Song (Tipsy)","Artist":"Shaboozey","Rank":6,"Last Week":5,"Peak Position":1,"Weeks in Charts":66,"Image URL":"https://charts-static.billboard.com/img/2024/04/shaboozey-2wm-abarsongtipsy-bat-180x180.jpg"}
{"_id":{"$oid":"68bc7a320245f8f09868cb5b"},"Date":"2025-07-23","Song":"Lose Control","Artist":"Teddy Swims","Rank":9,"Last Week":9,"Peak Position":1,"Weeks in Charts":100,"Image URL":"https://charts-static.billboard.com/img/2023/07/teddyswims-loq-losecontrol-4kx-180x180.jpg"}
{"_id":{"$oid":"68bc7a320245f8f09868cb5d"},"Date":"2025-07-23","Song":"Love Me Not","Artist":"Ravyn Lenae","Rank":7,"Last Week":12,"Peak Position":7,"Weeks in Charts":16,"Image URL":"https://charts-static.billboard.com/img/2025/01/ravynlenae-qqs-lovemenot-et7-180x180.jpg"}
{"_id":{"$oid":"68bc7a320245f8f09868cbb4"},"Date":"2025-07-30","Song":"Ordinary","Artist":"Alex Warren","Rank":1,"Last Week":1,"Peak Position":1,"Weeks in Charts":24,"Image URL":"https://charts-static.billboard.com/img/2025/02/alexwarren-1ap-ordinary-jb8-180x180.jpg"}
{"_id":{"$oid":"68bc7a320245f8f09868cbb5"},"Date":"2025-07-30","Song":"Golden","Artist":"HUNTR/X: EJAE| Audrey Nuna & REI AMI","Rank":2,"Last Week":4,"Peak Position":2,"Weeks in Charts":5,"Image URL":"https://charts-static.billboard.com/img/2025/07/huntrx-000-golden-ozh-180x180.jpg"}
{"_id":{"$oid":"68bc7a320245f8f09868cbb8"},"Date":"2025-07-30","Song":"What I Want","Artist":"Morgan Wallen Featuring Tate McRae","Rank":4,"Last Week":3,"Peak Position":1,"Weeks in Charts":10,"Image URL":"https://charts-static.billboard.com/img/2016/08/morgan-wallen-z1m-180x180.jpg"}
{"_id":{"$oid":"68bc7a320245f8f09868cbb9"},"Date":"2025-07-30","Song":"Daisies","Artist":"Justin Bieber","Rank":3,"Last Week":2,"Peak Position":2,"Weeks in Charts":2,"Image URL":"#"}
{"_id":{"$oid":"68bc7a320245f8f09868cbba"},"Date":"2025-07-30","Song":"Just In Case","Artist":"Morgan Wallen","Rank":5,"Last Week":5,"Peak Position":2,"Weeks in Charts":18,"Image URL":"https://charts-static.billboard.com/img/2025/04/morgan-wallen-z1m-justincase-eos-180x180.jpg"}
{"_id":{"$oid":"68bc7a320245f8f09868cbbb"},"Date":"2025-07-30","Song":"Lose Control","Artist":"Teddy Swims","Rank":7,"Last Week":9,"Peak Position":1,"Weeks in Charts":101,"Image URL":"https://charts-static.billboard.com/img/2023/07/teddyswims-loq-losecontrol-4kx-180x180.jpg"}
{"_id":{"$oid":"68bc7a320245f8f09868cbbc"},"Date":"2025-07-30","Song":"Luther","Artist":"Kendrick Lamar & SZA","Rank":9,"Last Week":11,"Peak Position":1,"Weeks in Charts":35,"Image URL":"#"}
{"_id":{"$oid":"68bc7a320245f8f09868cbbd"},"Date":"2025-07-30","Song":"A Bar Song (Tipsy)","Artist":"Shaboozey","Rank":8,"Last Week":6,"Peak Position":1,"Weeks in Charts":67,"Image URL":"https://charts-static.billboard.com/img/2024/04/shaboozey-2wm-abarsongtipsy-bat-180x180.jpg"}
{"_id":{"$oid":"68bc7a320245f8f09868cbbe"},"Date":"2025-07-30","Song":"Love Me Not","Artist":"Ravyn Lenae","Rank":6,"Last Week":7,"Peak Position":6,"Weeks in Charts":17,"Image URL":"https://charts-static.billboard.com/img/2025/01/ravynlenae-qqs-lovemenot-et7-180x180.jpg"}
{"_id":{"$oid":"68bc7a320245f8f09868cbbf"},"Date":"2025-07-30","Song":"Die With A Smile","Artist":"Lady Gaga & Bruno Mars","Rank":10,"Last Week":10,"Peak Position":1,"Weeks in Charts":49,"Image URL":"https://charts-static.billboard.com/img/2024/08/lady-gaga-r3b-diewithasmile-6og-180x180.jpg"}
{"_id":{"$oid":"68bc7a320245f8f09868cc1a"},"Date":"2025-08-06","Song":"Ordinary","Artist":"Alex Warren","Rank":1,"Last Week":1,"Peak Position":1,"Weeks in Charts":25,"Image URL":"https://charts-static.billboard.com/img/2025/02/alexwarren-vcb-ordinary-jb8-180x180.jpg"}
{"_id":{"$oid":"68bc7a320245f8f09868cc1b"},"Date":"2025-08-06","Song":"Golden","Artist":"HUNTR/X: EJAE| Audrey Nuna & REI AMI","Rank":2,"Last Week":2,"Peak Position":2,"Weeks in Charts":6,"Image URL":"https://charts-static.billboard.com/img/2025/07/huntrx-000-golden-ozh-180x180.jpg"}
{"_id":{"$oid":"68bc7a320245f8f09868cc1c"},"Date":"2025-08-06","Song":"What I Want","Artist":"Morgan Wallen Featuring Tate McRae","Rank":3,"Last Week":4,"Peak Position":1,"Weeks in Charts":11,"Image URL":"https://charts-static.billboard.com/img/2016/08/morgan-wallen-z1m-180x180.jpg"}
{"_id":{"$oid":"68bc7a320245f8f09868cc1d"},"Date":"2025-08-06","Song":"Daisies","Artist":"Justin Bieber","Rank":4,"Last Week":3,"Peak Position":2,"Weeks in Charts":3,"Image URL":"#"}
{"_id":{"$oid":"68bc7a320245f8f09868cc1e"},"Date":"2025-08-06","Song":"Just In Case","Artist":"Morgan Wallen","Rank":5,"Last Week":5,"Peak Position":2,"Weeks in Charts":19,"Image URL":"https://charts-static.billboard.com/img/2025/04/morgan-wallen-eos-justincase-eos-180x180.jpg"}
{"_id":{"$oid":"68bc7a320245f8f09868cc1f"},"Date":"2025-08-06","Song":"Love Me Not","Artist":"Ravyn Lenae","Rank":6,"Last Week":6,"Peak Position":6,"Weeks in Charts":18,"Image URL":"https://charts-static.billboard.com/img/2025/01/ravynlenae-qqs-lovemenot-et7-180x180.jpg"}
{"_id":{"$oid":"68bc7a320245f8f09868cc20"},"Date":"2025-08-06","Song":"Lose Control","Artist":"Teddy Swims","Rank":7,"Last Week":7,"Peak Position":1,"Weeks in Charts":102,"Image URL":"https://charts-static.billboard.com/img/2023/07/teddyswims-vl5-losecontrol-4kx-180x180.jpg"}
{"_id":{"$oid":"68bc7a320245f8f09868cc21"},"Date":"2025-08-06","Song":"A Bar Song (Tipsy)","Artist":"Shaboozey","Rank":8,"Last Week":8,"Peak Position":1,"Weeks in Charts":68,"Image URL":"https://charts-static.billboard.com/img/2024/04/shaboozey-2wm-abarsongtipsy-bat-180x180.jpg"}
{"_id":{"$oid":"68bc7a320245f8f09868cc25"},"Date":"2025-08-06","Song":"Your Idol","Artist":"Saja Boys: Andrew Choi| Neckwav| Danny Chung| Kevin Woo & samUIL Lee","Rank":9,"Last Week":12,"Peak Position":9,"Weeks in Charts":6,"Image URL":"#"}
{"_id":{"$oid":"68bc7a320245f8f09868cc26"},"Date":"2025-08-06","Song":"Die With A Smile","Artist":"Lady Gaga & Bruno Mars","Rank":10,"Last Week":10,"Peak Position":1,"Weeks in Charts":50,"Image URL":"https://charts-static.billboard.com/img/2024/08/lady-gaga-p9u-diewithasmile-6og-180x180.jpg"}
{"_id":{"$oid":"68bc7a320245f8f09868cc7e"},"Date":"2025-08-13","Song":"Golden","Artist":"HUNTR/X: EJAE| Audrey Nuna & REI AMI","Rank":1,"Last Week":2,"Peak Position":1,"Weeks in Charts":7,"Image URL":"https://charts-static.billboard.com/img/2025/07/huntrx-000-golden-ozh-180x180.jpg"}
{"_id":{"$oid":"68bc7a320245f8f09868cc7f"},"Date":"2025-08-13","Song":"Ordinary","Artist":"Alex Warren","Rank":2,"Last Week":1,"Peak Position":1,"Weeks in Charts":26,"Image URL":"https://charts-static.billboard.com/img/2025/02/alexwarren-vcb-ordinary-jb8-180x180.jpg"}
{"_id":{"$oid":"68bc7a320245f8f09868cc80"},"Date":"2025-08-13","Song":"Daisies","Artist":"Justin Bieber","Rank":5,"Last Week":4,"Peak Position":2,"Weeks in Charts":4,"Image URL":"#"}
{"_id":{"$oid":"68bc7a320245f8f09868cc81"},"Date":"2025-08-13","Song":"Your Idol","Artist":"Saja Boys: Andrew Choi| Neckwav| Danny Chung| Kevin Woo & samUIL Lee","Rank":8,"Last Week":9,"Peak Position":8,"Weeks in Charts":7,"Image URL":"#"}
{"_id":{"$oid":"68bc7a320245f8f09868cc82"},"Date":"2025-08-13","Song":"Just In Case","Artist":"Morgan Wallen","Rank":7,"Last Week":5,"Peak Position":2,"Weeks in Charts":20,"Image URL":"https://charts-static.billboard.com/img/2025/04/morgan-wallen-eos-justincase-eos-180x180.jpg"}
{"_id":{"$oid":"68bc7a320245f8f09868cc83"},"Date":"2025-08-13","Song":"The Subway","Artist":"Chappell Roan","Rank":3,"Last Week":3,"Peak Position":1,"Weeks in Charts":"-","Image URL":"https://charts-static.billboard.com/img/2025/08/chappellroan-2d8-thesubway-gy8-180x180.jpg"}
{"_id":{"$oid":"68bc7a320245f8f09868cc84"},"Date":"2025-08-13","Song":"Love Me Not","Artist":"Ravyn Lenae","Rank":6,"Last Week":6,"Peak Position":6,"Weeks in Charts":19,"Image URL":"https://charts-static.billboard.com/img/2025/01/ravynlenae-qqs-lovemenot-et7-180x180.jpg"}
{"_id":{"$oid":"68bc7a320245f8f09868cc85"},"Date":"2025-08-13","Song":"Lose Control","Artist":"Teddy Swims","Rank":9,"Last Week":7,"Peak Position":1,"Weeks in Charts":103,"Image URL":"https://charts-static.billboard.com/img/2023/07/teddyswims-vl5-losecontrol-4kx-180x180.jpg"}
{"_id":{"$oid":"68bc7a320245f8f09868cc86"},"Date":"2025-08-13","Song":"A Bar Song (Tipsy)","Artist":"Shaboozey","Rank":10,"Last Week":8,"Peak Position":1,"Weeks in Charts":69,"Image URL":"https://charts-static.billboard.com/img/2024/04/shaboozey-2wm-abarsongtipsy-bat-180x180.jpg"}
{"_id":{"$oid":"68bc7a320245f8f09868cc87"},"Date":"2025-08-13","Song":"What I Want","Artist":"Morgan Wallen Featuring Tate McRae","Rank":4,"Last Week":3,"Peak Position":1,"Weeks in Charts":12,"Image URL":"https://charts-static.billboard.com/img/2016/08/morgan-wallen-z1m-180x180.jpg"}
{"_id":{"$oid":"68bc7a320245f8f09868cce2"},"Date":"2025-08-20","Song":"Ordinary","Artist":"Alex Warren","Rank":1,"Last Week":2,"Peak Position":1,"Weeks in Charts":27,"Image URL":"https://charts-static.billboard.com/img/2025/02/alexwarren-vcb-ordinary-jb8-180x180.jpg"}
{"_id":{"$oid":"68bc7a320245f8f09868cce3"},"Date":"2025-08-20","Song":"Golden","Artist":"HUNTR/X: EJAE| Audrey Nuna & REI AMI","Rank":2,"Last Week":1,"Peak Position":1,"Weeks in Charts":8,"Image URL":"https://charts-static.billboard.com/img/2025/07/huntrx-000-golden-ozh-180x180.jpg"}
{"_id":{"$oid":"68bc7a320245f8f09868cce4"},"Date":"2025-08-20","Song":"What I Want","Artist":"Morgan Wallen Featuring Tate McRae","Rank":3,"Last Week":4,"Peak Position":1,"Weeks in Charts":13,"Image URL":"https://charts-static.billboard.com/img/2016/08/morgan-wallen-z1m-180x180.jpg"}
{"_id":{"$oid":"68bc7a320245f8f09868cce5"},"Date":"2025-08-20","Song":"Just In Case","Artist":"Morgan Wallen","Rank":8,"Last Week":7,"Peak Position":2,"Weeks in Charts":21,"Image URL":"https://charts-static.billboard.com/img/2025/04/morgan-wallen-eos-justincase-eos-180x180.jpg"}
{"_id":{"$oid":"68bc7a320245f8f09868cce6"},"Date":"2025-08-20","Song":"Daisies","Artist":"Justin Bieber","Rank":6,"Last Week":5,"Peak Position":2,"Weeks in Charts":5,"Image URL":"#"}
{"_id":{"$oid":"68bc7a320245f8f09868cce7"},"Date":"2025-08-20","Song":"Your Idol","Artist":"Saja Boys: Andrew Choi| Neckwav| Danny Chung| Kevin Woo & samUIL Lee","Rank":4,"Last Week":8,"Peak Position":4,"Weeks in Charts":8,"Image URL":"#"}
{"_id":{"$oid":"68bc7a320245f8f09868cce8"},"Date":"2025-08-20","Song":"A Bar Song (Tipsy)","Artist":"Shaboozey","Rank":9,"Last Week":10,"Peak Position":1,"Weeks in Charts":70,"Image URL":"https://charts-static.billboard.com/img/2024/04/shaboozey-2wm-abarsongtipsy-bat-180x180.jpg"}
{"_id":{"$oid":"68bc7a320245f8f09868cce9"},"Date":"2025-08-20","Song":"Love Me Not","Artist":"Ravyn Lenae","Rank":5,"Last Week":6,"Peak Position":5,"Weeks in Charts":20,"Image URL":"https://charts-static.billboard.com/img/2025/01/ravynlenae-qqs-lovemenot-et7-180x180.jpg"}
{"_id":{"$oid":"68bc7a320245f8f09868ccea"},"Date":"2025-08-20","Song":"Soda Pop","Artist":"Saja Boys: Andrew Choi| Neckwav| Danny Chung| Kevin Woo & samUIL Lee","Rank":10,"Last Week":14,"Peak Position":10,"Weeks in Charts":7,"Image URL":"#"}
{"_id":{"$oid":"68bc7a320245f8f09868ccec"},"Date":"2025-08-20","Song":"Lose Control","Artist":"Teddy Swims","Rank":7,"Last Week":9,"Peak Position":1,"Weeks in Charts":104,"Image URL":"https://charts-static.billboard.com/img/2023/07/teddyswims-vl5-losecontrol-4kx-180x180.jpg"}
{"_id":{"$oid":"68bc7a320245f8f09868cd45"},"Date":"2025-08-27","Song":"Golden","Artist":"HUNTR/X: EJAE| Audrey Nuna & REI AMI","Rank":1,"Last Week":2,"Peak Position":1,"Weeks in Charts":9,"Image URL":"https://charts-static.billboard.com/img/2025/07/huntrxejaeaudreynunareiami-o2t-golden-ozh-180x180.jpg"}
{"_id":{"$oid":"68bc7a320245f8f09868cd47"},"Date":"2025-08-27","Song":"Ordinary","Artist":"Alex Warren","Rank":2,"Last Week":1,"Peak Position":1,"Weeks in Charts":28,"Image URL":"https://charts-static.billboard.com/img/2025/02/alexwarren-vcb-ordinary-jb8-180x180.jpg"}
{"_id":{"$oid":"68bc7a320245f8f09868cd48"},"Date":"2025-08-27","Song":"How It's Done","Artist":"HUNTR/X: EJAE| Audrey Nuna & REI AMI","Rank":10,"Last Week":14,"Peak Position":10,"Weeks in Charts":8,"Image URL":"#"}
{"_id":{"$oid":"68bc7a320245f8f09868cd49"},"Date":"2025-08-27","Song":"Love Me Not","Artist":"Ravyn Lenae","Rank":6,"Last Week":5,"Peak Position":5,"Weeks in Charts":21,"Image URL":"https://charts-static.billboard.com/img/2025/01/ravynlenae-qqs-lovemenot-et7-180x180.jpg"}
{"_id":{"$oid":"68bc7a320245f8f09868cd4a"},"Date":"2025-08-27","Song":"Daisies","Artist":"Justin Bieber","Rank":8,"Last Week":6,"Peak Position":2,"Weeks in Charts":6,"Image URL":"#"}
{"_id":{"$oid":"68bc7a320245f8f09868cd4b"},"Date":"2025-08-27","Song":"What I Want","Artist":"Morgan Wallen Featuring Tate McRae","Rank":3,"Last Week":3,"Peak Position":1,"Weeks in Charts":14,"Image URL":"https://charts-static.billboard.com/img/2016/08/morgan-wallen-z1m-180x180.jpg"}
{"_id":{"$oid":"68bc7a320245f8f09868cd4c"},"Date":"2025-08-27","Song":"Lose Control","Artist":"Teddy Swims","Rank":7,"Last Week":7,"Peak Position":1,"Weeks in Charts":105,"Image URL":"https://charts-static.billboard.com/img/2023/07/teddyswims-vl5-losecontrol-4kx-180x180.jpg"}
{"_id":{"$oid":"68bc7a320245f8f09868cd4d"},"Date":"2025-08-27","Song":"Just In Case","Artist":"Morgan Wallen","Rank":9,"Last Week":8,"Peak Position":2,"Weeks in Charts":22,"Image URL":"https://charts-static.billboard.com/img/2025/04/morgan-wallen-eos-justincase-eos-180x180.jpg"}
{"_id":{"$oid":"68bc7a320245f8f09868cd4e"},"Date":"2025-08-27","Song":"Your Idol","Artist":"Saja Boys: Andrew Choi| Neckwav| Danny Chung| Kevin Woo & samUIL Lee","Rank":4,"Last Week":4,"Peak Position":4,"Weeks in Charts":9,"Image URL":"#"}
{"_id":{"$oid":"68bc7a320245f8f09868cd4f"},"Date":"2025-08-27","Song":"Soda Pop","Artist":"Saja Boys: Andrew Choi| Neckwav| Danny Chung| Kevin Woo & samUIL Lee","Rank":5,"Last Week":10,"Peak Position":5,"Weeks in Charts":8,"Image URL":"#"}
