[{
  "_id": {
    "$oid": "5f3539d4886d2c2658a845d1"
  },
  "name": "The Fool",
  "imgUrl": "/img/00.jpg"
},{
  "_id": {
    "$oid": "5f3539d4886d2c2658a845d2"
  },
  "name": "The Magician",
  "imgUrl": "/img/01.jpg"
},{
  "_id": {
    "$oid": "5f3539d4886d2c2658a845d3"
  },
  "name": "The High Priestess",
  "imgUrl": "/img/02.jpg"
},{
  "_id": {
    "$oid": "5f3539d4886d2c2658a845d4"
  },
  "name": "The Empress",
  "imgUrl": "/img/03.jpg"
},{
  "_id": {
    "$oid": "5f3539d4886d2c2658a845d5"
  },
  "name": "The Emperor",
  "imgUrl": "/img/04.jpg"
},{
  "_id": {
    "$oid": "5f3539d4886d2c2658a845d6"
  },
  "name": "The Hierophant",
  "imgUrl": "/img/05.jpg"
},{
  "_id": {
    "$oid": "5f3539d4886d2c2658a845d7"
  },
  "name": "The Lovers",
  "imgUrl": "/img/06.jpg"
},{
  "_id": {
    "$oid": "5f3539d4886d2c2658a845d8"
  },
  "name": "The Chariot",
  "imgUrl": "/img/07.jpg"
},{
  "_id": {
    "$oid": "5f3539d4886d2c2658a845d9"
  },
  "name": "Justice",
  "imgUrl": "/img/08.jpg"
},{
  "_id": {
    "$oid": "5f3539d4886d2c2658a845da"
  },
  "name": "The Hermit",
  "imgUrl": "/img/09.jpg"
},{
  "_id": {
    "$oid": "5f3539d4886d2c2658a845db"
  },
  "name": "Wheel of Fortune",
  "imgUrl": "/img/10.jpg"
},{
  "_id": {
    "$oid": "5f3539d4886d2c2658a845dc"
  },
  "name": "Strength",
  "imgUrl": "/img/11.jpg"
},{
  "_id": {
    "$oid": "5f3539d4886d2c2658a845dd"
  },
  "name": "The Hanged Man",
  "imgUrl": "/img/12.jpg"
},{
  "_id": {
    "$oid": "5f3539d4886d2c2658a845de"
  },
  "name": "Death",
  "imgUrl": "/img/13.jpg"
},{
  "_id": {
    "$oid": "5f3539d4886d2c2658a845df"
  },
  "name": "Temperance",
  "imgUrl": "/img/14.jpg"
},{
  "_id": {
    "$oid": "5f3539d4886d2c2658a845e0"
  },
  "name": "The Devil",
  "imgUrl": "/img/15.jpg"
},{
  "_id": {
    "$oid": "5f3539d4886d2c2658a845e1"
  },
  "name": "The Tower",
  "imgUrl": "/img/16.jpg"
},{
  "_id": {
    "$oid": "5f3539d4886d2c2658a845e2"
  },
  "name": "The Star",
  "imgUrl": "/img/17.jpg"
},{
  "_id": {
    "$oid": "5f3539d4886d2c2658a845e3"
  },
  "name": "The Moon",
  "imgUrl": "/img/18.jpg"
},{
  "_id": {
    "$oid": "5f3539d4886d2c2658a845e4"
  },
  "name": "The Sun",
  "imgUrl": "/img/19.jpg"
},{
  "_id": {
    "$oid": "5f3539d4886d2c2658a845e5"
  },
  "name": "Judgement",
  "imgUrl": "/img/20.jpg"
},{
  "_id": {
    "$oid": "5f3539d4886d2c2658a845e6"
  },
  "name": "The World",
  "imgUrl": "/img/21.jpg"
},{
  "_id": {
    "$oid": "5f3539d4886d2c2658a845e7"
  },
  "name": "Ace of Wands",
  "imgUrl": "/img/22.jpg"
},{
  "_id": {
    "$oid": "5f3539d4886d2c2658a845e8"
  },
  "name": "Two of Wands",
  "imgUrl": "/img/23.jpg"
},{
  "_id": {
    "$oid": "5f3539d4886d2c2658a845e9"
  },
  "name": "Three of Wands",
  "imgUrl": "/img/24.jpg"
},{
  "_id": {
    "$oid": "5f3539d4886d2c2658a845ea"
  },
  "name": "Four of Wands",
  "imgUrl": "/img/25.jpg"
},{
  "_id": {
    "$oid": "5f3539d4886d2c2658a845eb"
  },
  "name": "Five of Wands",
  "imgUrl": "/img/26.jpg"
},{
  "_id": {
    "$oid": "5f3539d4886d2c2658a845ec"
  },
  "name": "Six of Wands",
  "imgUrl": "/img/27.jpg"
},{
  "_id": {
    "$oid": "5f3539d4886d2c2658a845ed"
  },
  "name": "Seven of Wands",
  "imgUrl": "/img/28.jpg"
},{
  "_id": {
    "$oid": "5f3539d4886d2c2658a845ee"
  },
  "name": "Eight of Wands",
  "imgUrl": "/img/29.jpg"
},{
  "_id": {
    "$oid": "5f3539d4886d2c2658a845ef"
  },
  "name": "Nine of Wands",
  "imgUrl": "/img/30.jpg"
},{
  "_id": {
    "$oid": "5f3539d4886d2c2658a845f0"
  },
  "name": "Ten of Wands",
  "imgUrl": "/img/31.jpg"
},{
  "_id": {
    "$oid": "5f3539d4886d2c2658a845f1"
  },
  "name": "Page of Wands",
  "imgUrl": "/img/32.jpg"
},{
  "_id": {
    "$oid": "5f3539d4886d2c2658a845f2"
  },
  "name": "Knight of Wands",
  "imgUrl": "/img/33.jpg"
},{
  "_id": {
    "$oid": "5f3539d4886d2c2658a845f3"
  },
  "name": "Queen of Wands",
  "imgUrl": "/img/34.jpg"
},{
  "_id": {
    "$oid": "5f3539d4886d2c2658a845f4"
  },
  "name": "King of Wands",
  "imgUrl": "/img/35.jpg"
},{
  "_id": {
    "$oid": "5f3539d4886d2c2658a845f5"
  },
  "name": "Ace of Cups",
  "imgUrl": "/img/36.jpg"
},{
  "_id": {
    "$oid": "5f3539d4886d2c2658a845f6"
  },
  "name": "Two of Cups",
  "imgUrl": "/img/37.jpg"
},{
  "_id": {
    "$oid": "5f3539d4886d2c2658a845f7"
  },
  "name": "Three of Cups",
  "imgUrl": "/img/38.jpg"
},{
  "_id": {
    "$oid": "5f3539d4886d2c2658a845f8"
  },
  "name": "Four of Cups",
  "imgUrl": "/img/39.jpg"
},{
  "_id": {
    "$oid": "5f3539d4886d2c2658a845f9"
  },
  "name": "Five of Cups",
  "imgUrl": "/img/40.jpg"
},{
  "_id": {
    "$oid": "5f3539d4886d2c2658a845fa"
  },
  "name": "Six of Cups",
  "imgUrl": "/img/41.jpg"
},{
  "_id": {
    "$oid": "5f3539d4886d2c2658a845fb"
  },
  "name": "Seven of Cups",
  "imgUrl": "/img/42.jpg"
},{
  "_id": {
    "$oid": "5f3539d4886d2c2658a845fc"
  },
  "name": "Eight of Cups",
  "imgUrl": "/img/43.jpg"
},{
  "_id": {
    "$oid": "5f3539d4886d2c2658a845fd"
  },
  "name": "Nine of Cups",
  "imgUrl": "/img/44.jpg"
},{
  "_id": {
    "$oid": "5f3539d4886d2c2658a845fe"
  },
  "name": "Ten of Cups",
  "imgUrl": "/img/45.jpg"
},{
  "_id": {
    "$oid": "5f3539d4886d2c2658a845ff"
  },
  "name": "Page of Cups",
  "imgUrl": "/img/46.jpg"
},{
  "_id": {
    "$oid": "5f3539d4886d2c2658a84600"
  },
  "name": "Knight of Cups",
  "imgUrl": "/img/47.jpg"
},{
  "_id": {
    "$oid": "5f3539d4886d2c2658a84601"
  },
  "name": "Queen of Cups",
  "imgUrl": "/img/48.jpg"
},{
  "_id": {
    "$oid": "5f3539d4886d2c2658a84602"
  },
  "name": "King of Cups",
  "imgUrl": "/img/49.jpg"
},{
  "_id": {
    "$oid": "5f3539d4886d2c2658a84603"
  },
  "name": "Ace of Swords",
  "imgUrl": "/img/50.jpg"
},{
  "_id": {
    "$oid": "5f3539d4886d2c2658a84604"
  },
  "name": "Two of Swords",
  "imgUrl": "/img/51.jpg"
},{
  "_id": {
    "$oid": "5f3539d4886d2c2658a84605"
  },
  "name": "Three of Swords",
  "imgUrl": "/img/52.jpg"
},{
  "_id": {
    "$oid": "5f3539d4886d2c2658a84606"
  },
  "name": "Four of Swords",
  "imgUrl": "/img/53.jpg"
},{
  "_id": {
    "$oid": "5f3539d4886d2c2658a84607"
  },
  "name": "Five of Swords",
  "imgUrl": "/img/54.jpg"
},{
  "_id": {
    "$oid": "5f3539d4886d2c2658a84608"
  },
  "name": "Six of Swords",
  "imgUrl": "/img/55.jpg"
},{
  "_id": {
    "$oid": "5f3539d4886d2c2658a84609"
  },
  "name": "Seven of Swords",
  "imgUrl": "/img/56.jpg"
},{
  "_id": {
    "$oid": "5f3539d4886d2c2658a8460a"
  },
  "name": "Eight of Swords",
  "imgUrl": "/img/57.jpg"
},{
  "_id": {
    "$oid": "5f3539d4886d2c2658a8460b"
  },
  "name": "Nine of Swords",
  "imgUrl": "/img/58.jpg"
},{
  "_id": {
    "$oid": "5f3539d4886d2c2658a8460c"
  },
  "name": "Ten of Swords",
  "imgUrl": "/img/59.jpg"
},{
  "_id": {
    "$oid": "5f3539d4886d2c2658a8460d"
  },
  "name": "Page of Swords",
  "imgUrl": "/img/60.jpg"
},{
  "_id": {
    "$oid": "5f3539d4886d2c2658a8460e"
  },
  "name": "Knight of Swords",
  "imgUrl": "/img/61.jpg"
},{
  "_id": {
    "$oid": "5f3539d4886d2c2658a8460f"
  },
  "name": "Queen of Swords",
  "imgUrl": "/img/62.jpg"
},{
  "_id": {
    "$oid": "5f3539d4886d2c2658a84610"
  },
  "name": "King of Swords",
  "imgUrl": "/img/63.jpg"
},{
  "_id": {
    "$oid": "5f3539d4886d2c2658a84611"
  },
  "name": "Ace of Pentacles",
  "imgUrl": "/img/64.jpg"
},{
  "_id": {
    "$oid": "5f3539d4886d2c2658a84612"
  },
  "name": "Two of Pentacles",
  "imgUrl": "/img/65.jpg"
},{
  "_id": {
    "$oid": "5f3539d4886d2c2658a84613"
  },
  "name": "Three of Pentacles",
  "imgUrl": "/img/66.jpg"
},{
  "_id": {
    "$oid": "5f3539d4886d2c2658a84614"
  },
  "name": "Four of Pentacles",
  "imgUrl": "/img/67.jpg"
},{
  "_id": {
    "$oid": "5f3539d4886d2c2658a84615"
  },
  "name": "Five of Pentacles",
  "imgUrl": "/img/68.jpg"
},{
  "_id": {
    "$oid": "5f3539d4886d2c2658a84616"
  },
  "name": "Six of Pentacles",
  "imgUrl": "/img/69.jpg"
},{
  "_id": {
    "$oid": "5f3539d4886d2c2658a84617"
  },
  "name": "Seven of Pentacles",
  "imgUrl": "/img/70.jpg"
},{
  "_id": {
    "$oid": "5f3539d4886d2c2658a84618"
  },
  "name": "Eight of Pentacles",
  "imgUrl": "/img/71.jpg"
},{
  "_id": {
    "$oid": "5f3539d4886d2c2658a84619"
  },
  "name": "Nine of Pentacles",
  "imgUrl": "/img/72.jpg"
},{
  "_id": {
    "$oid": "5f3539d4886d2c2658a8461a"
  },
  "name": "Ten of Pentacles",
  "imgUrl": "/img/73.jpg"
},{
  "_id": {
    "$oid": "5f3539d4886d2c2658a8461b"
  },
  "name": "Page of Pentacles",
  "imgUrl": "/img/74.jpg"
},{
  "_id": {
    "$oid": "5f3539d4886d2c2658a8461c"
  },
  "name": "Knight of Pentacles",
  "imgUrl": "/img/75.jpg"
},{
  "_id": {
    "$oid": "5f3539d4886d2c2658a8461d"
  },
  "name": "Queen of Pentacles",
  "imgUrl": "/img/76.jpg"
},{
  "_id": {
    "$oid": "5f3539d4886d2c2658a8461e"
  },
  "name": "King of Pentacles",
  "imgUrl": "/img/77.jpg"
}]