[{
  "_id": {
    "$oid": "5f354039a7639a4cace8ddd1"
  },
  "cards": [
    {
      "$oid": "5f3539d4886d2c2658a84610"
    },
    {
      "$oid": "5f3539d4886d2c2658a845dc"
    },
    {
      "$oid": "5f3539d4886d2c2658a8461d"
    }
  ],
  "date": {
    "$date": "2020-08-01T13:29:10Z"
  }
},{
  "_id": {
    "$oid": "5f354924a7639a4cace8ddd2"
  },
  "cards": [
    {
      "$oid": "5f3539d4886d2c2658a845ff"
    },
    {
      "$oid": "5f3539d4886d2c2658a845f6"
    },
    {
      "$oid": "5f3539d4886d2c2658a8460f"
    }
  ],
  "date": {
    "$date": "2020-08-04T10:07:26Z"
  }
},{
  "_id": {
    "$oid": "5f35494da7639a4cace8ddd3"
  },
  "cards": [
    {
      "$oid": "5f3539d4886d2c2658a845d7"
    },
    {
      "$oid": "5f3539d4886d2c2658a84612"
    },
    {
      "$oid": "5f3539d4886d2c2658a8461a"
    }
  ],
  "date": {
    "$date": "2020-07-14T14:08:11Z"
  }
},{
  "_id": {
    "$oid": "5f354950a7639a4cace8ddd4"
  },
  "cards": [
    {
      "$oid": "5f3539d4886d2c2658a845e8"
    },
    {
      "$oid": "5f3539d4886d2c2658a845ed"
    },
    {
      "$oid": "5f3539d4886d2c2658a845d5"
    }
  ],
  "date": {
    "$date": "2020-08-13T20:04:15Z"
  }
},{
  "_id": {
    "$oid": "5f354982a7639a4cace8ddd5"
  },
  "cards": [
    {
      "$oid": "5f3539d4886d2c2658a84617"
    },
    {
      "$oid": "5f3539d4886d2c2658a84612"
    },
    {
      "$oid": "5f3539d4886d2c2658a845f8"
    }
  ],
  "date": {
    "$date": "2020-06-28T09:09:04Z"
  }
},{
  "_id": {
    "$oid": "5f354984a7639a4cace8ddd6"
  },
  "cards": [
    {
      "$oid": "5f3539d4886d2c2658a845df"
    },
    {
      "$oid": "5f3539d4886d2c2658a84617"
    },
    {
      "$oid": "5f3539d4886d2c2658a84604"
    }
  ],
  "date": {
    "$date": "2020-01-20T14:09:06Z"
  }
}]