[{
  "_id": {
    "$oid": "5f53d269e9822d355ca20c2d"
  },
  "index": "110/2010",
  "book": {
    "$oid": "5f39632a303c6738ec9bc9b3"
  },
  "rentingDate": {
    "$date": "2020-09-05T18:01:13.682Z"
  },
  "returningDate": {
    "$date": "2020-09-23T00:00:00Z"
  },
  "__v": 0
},{
  "_id": {
    "$oid": "5f53d2b120a9a55d5c81272e"
  },
  "index": "110/2010",
  "book": {
    "$oid": "5f396300303c6738ec9bc9b2"
  },
  "rentingDate": {
    "$date": "2020-09-05T18:02:25.681Z"
  },
  "returningDate": {
    "$date": "2020-10-09T00:00:00Z"
  },
  "__v": 0
}]