{"_id":{"$oid":"60a39694024dfb13aa1e9b30"},"naziv":"Plazma keks 100g","cena":{"$numberInt":"120"},"broj_artikala":{"$numberInt":"7"}}
{"_id":{"$oid":"60a39694024dfb13aa1e9b31"},"naziv":"Dugotrajno mleko bez laktoze 1l","cena":{"$numberDouble":"126.85"},"broj_artikala":{"$numberInt":"9"}}
{"_id":{"$oid":"60a396a6024dfb13aa1e9b32"},"naziv":"Prolom voda 1l","cena":{"$numberInt":"40"},"broj_artikala":{"$numberInt":"32"}}
{"_id":{"$oid":"60a396ba024dfb13aa1e9b33"},"naziv":"Nescafe 3u1","cena":{"$numberDouble":"15.99"},"broj_artikala":{"$numberInt":"25"}}
{"_id":{"$oid":"60a396ba024dfb13aa1e9b34"},"naziv":"Cokalada sa lesnicima 80g","cena":{"$numberDouble":"150.99"},"broj_artikala":{"$numberInt":"0"}}
{"_id":{"$oid":"60a396d4024dfb13aa1e9b35"},"naziv":"Sok od pomorandze 1.5l","cena":{"$numberDouble":"144.47"},"broj_artikala":{"$numberInt":"14"}}
{"_id":{"$oid":"60a396e3024dfb13aa1e9b36"},"naziv":"Hleb beli 450g","cena":{"$numberInt":"70"},"broj_artikala":{"$numberInt":"0"}}
{"_id":{"$oid":"60a396e3024dfb13aa1e9b37"},"naziv":"Bebi spanac 500g","cena":{"$numberInt":"180"},"broj_artikala":{"$numberInt":"6"}}
