[{
  "_id": {
    "$oid": "60b7b8c9c9b0c8665c7f005d"
  },
  "izvodjac": "Sara Jo",
  "pprocenat": "10",
  "ocene":[4,3,1,5]
},{
  "_id": {
    "$oid": "60b7b8c9c9b0c8665c7f005e"
  },
  "izvodjac": "Sara Jo",
  "pprocenat": "-5",
  "ocene":[1,1,1,1]
},{
  "_id": {
    "$oid": "60b7b8c9c9b0c8665c7f005f"
  },
  "izvodjac": "Marija Serifovic",
  "pprocenat": "10",
  "ocene":[5,5,5,5]

},{
  "_id": {
    "$oid": "60b7bd0bc9b0c8665c7f0061"
  },
  "izvodjac": "Sara Jo",
  "pprocenat": "-5",
  "ocene":[2,5,1,3]
},{
  "_id": {
    "$oid": "60b7bd22c9b0c8665c7f0062"
  },
  "izvodjac": "Zoi",
  "pprocenat": "5",
  "ocene":[4,4,5,5]
}]
