[{
  "_id": {
    "$oid": "60b7b8c9c9b0c8665c7f005d"
  },
  "zanr": "fantazija",
  "naziv": "Surova lepota",
  "slika": "1.jpg",
  "autor": "Rozamund Hodz",
  "datum": "2020-09-14",
  "cena": 680
},{
  "_id": {
    "$oid": "60b7b8c9c9b0c8665c7f005e"
  },
  "zanr": "naucna fantastika",
  "naziv": "Da li androidi sanjaju elektricne ovce",
  "slika": "3.jpeg",
  "autor": "Filip K. Dik",
  "datum": "2021-01-08",
  "cena": 810
},{
  "_id": {
    "$oid": "60b7b8c9c9b0c8665c7f005f"
  },
  "zanr": "naucna fantastika",
  "naziv": "Covek u visokom dvorcu",
  "slika": "4.jpeg",
  "autor": "Filip K. Dik",
  "datum": "2019-10-01",
  "cena": 810

},{
  "_id": {
    "$oid": "60b7bd0bc9b0c8665c7f0061"
  },
  "zanr": "ljubavni",
  "naziv": "Ranjeni orao",
  "slika": "7.jpg",
  "autor": "Milica Jakovljevic",
  "datum": "2019-10-10",
  "cena": 500
},{
  "_id": {
    "$oid": "60b7bd22c9b0c8665c7f0062"
  },
  "zanr": "triler",
  "naziv": "Nebeska dolina",
  "slika": "5.png",
  "autor": "Mari Hermeson",
  "datum": "2021-01-08",
  "cena": 770
 
}]
