[{
	"_id": {
		"$oid": "60b28306a92b02c3109bd623"
	},
	"username": "sara97",
	"password": "1234",
	"_id_knjige": "60b7b8c9c9b0c8665c7f005d"
	
},
{
	"_id": {
		"$oid": "60b28306a92b02c3109bd624"
	},
	"username": "SM912",
	"password": "abcd",
	"_id_knjige": "60b7b8c9c9b0c8665c7f005d"
	
},
{
	"_id": {
		"$oid": "60b28306a92b02c3109bd625"
	},
	"username": "marko9661",
	"password": "12345",
	"_id_knjige": "60b7b8c9c9b0c8665c7f005e"
	
},
{
	"_id": {
		"$oid": "60b28306a92b02c3109bd626"
	},
	"username": "ana1010",
	"password": "1010",
	"_id_knjige": "60b7bd0bc9b0c8665c7f0061"
	
},
{
	"_id": {
		"$oid": "60b28306a92b02c3109bd627"
	},
	"username": "marko9661",
	"password": "12345",
	"_id_knjige": "60b7bd0bc9b0c8665c7f0061"
	
},
{
	"_id": {
		"$oid": "60b28306a92b02c3109bd628"
	},
	"username": "marko9661",
	"password": "12345",
	"_id_knjige": "60b7bd22c9b0c8665c7f0062"
	
},
{
	"_id": {
		"$oid": "60b28306a92b02c3109bd629"
	},
	"username": "marko9661",
	"password": "12345",
	"_id_knjige": "60b7b8c9c9b0c8665c7f005e"
	
},
{
	"_id": {
		"$oid": "60b28306a92b02c3109bd62a"
	},
	"username": "marko9661",
	"password": "12345",
	"_id_knjige": "60b7b8c9c9b0c8665c7f005d"
	
}]
