{"_id":{"$oid":"5f61dc85128bb0495c1e378a"},"ime":"Andjela","prezime":"Ivkovic","predavac":{"$oid":"5f61dc18128bb0495c1e3787"},"bodovi":{"$numberInt":"82"}}
{"_id":{"$oid":"5f61dcc9128bb0495c1e378c"},"ime":"Andrej","prezime":"Petkovic","predavac":{"$oid":"5f61dc18128bb0495c1e3787"},"bodovi":{"$numberInt":"-1"}}
{"_id":{"$oid":"5f61dd59128bb0495c1e378f"},"ime":"Goran","prezime":"Bozic","predavac":{"$oid":"5f61dc4a128bb0495c1e3789"},"bodovi":{"$numberInt":"68"}}
{"_id":{"$oid":"5f61de5d128bb0495c1e3792"},"ime":"Jelena","prezime":"Jovanovic","predavac":{"$oid":"5f61dc2b128bb0495c1e3788"},"bodovi":{"$numberInt":"97"}}
{"_id":{"$oid":"5f61decc128bb0495c1e3794"},"ime":"Vladimir","prezime":"Vujic","predavac":{"$oid":"5f61dc2b128bb0495c1e3788"},"bodovi":{"$numberInt":"52"}}
{"_id":{"$oid":"5f61df0a128bb0495c1e3796"},"ime":"Petar","prezime":"Milinkovic","predavac":{"$oid":"5f61dc2b128bb0495c1e3788"},"bodovi":{"$numberInt":"68"}}
{"_id":{"$oid":"5f61dcc9128bb0495c1e378d"},"ime":"Petar","prezime":"Filipovic","predavac":{"$oid":"5f61dc18128bb0495c1e3787"},"bodovi":{"$numberInt":"-1"}}
{"_id":{"$oid":"5f61dcc9128bb0495c1e379a"},"ime":"Jasmina","prezime":"Petkovic","predavac":{"$oid":"5f61dc18128bb0495c1e3787"},"bodovi":{"$numberInt":"-1"}}
{"_id":{"$oid":"5f61fad34a05ce495c4e6253"},"ime":"Isidora","prezime":"Inic","predavac":{"$oid":"5f61dc2b128bb0495c1e3788"},"bodovi":{"$numberInt":"-1"}}
{"_id":{"$oid":"5f61fbc14a05ce495c4e6254"},"ime":"Milan","prezime":"Bojic","predavac":{"$oid":"5f61dc4a128bb0495c1e3789"},"bodovi":{"$numberInt":"-1"}}
{"_id":{"$oid":"5f61fbd64a05ce495c4e6255"},"ime":"Nevena","prezime":"Novovic","predavac":{"$oid":"5f61dc4a128bb0495c1e3789"},"bodovi":{"$numberInt":"98"}}
{"_id":{"$oid":"5f61fbe94a05ce495c4e6256"},"ime":"Lena","prezime":"Janjic","predavac":{"$oid":"5f61dc4a128bb0495c1e3789"},"bodovi":{"$numberInt":"-1"}}
