[
  {
    "mesec": "Januar",
    "dogadjaj": "Nova godina.",
    "datum": {
      "$date": "2023-01-01T00:00:00Z"
    },
    "celodnevna_aktivnost": false
  },
  {
    "mesec": "Januar",
    "dogadjaj": "Bozic.",
    "datum": {
      "$date": "2023-01-07T00:00:00Z"
    },
    "celodnevna_aktivnost": true
  },  {
    "mesec": "Januar",
    "dogadjaj": "Sveti Sava.",
    "datum": {
      "$date": "2023-01-27T00:00:00Z"
    },
    "celodnevna_aktivnost": true
  },  {
    "mesec": "Februar",
    "dogadjaj": "Dan zaljubljenih",
    "datum": {
      "$date": "2023-02-14T00:00:00Z"
    },
    "celodnevna_aktivnost": true
  },  {
    "mesec": "Januar",
    "dogadjaj": "Ispit iz UVITA.",
    "datum": {
      "$date": "2023-01-08T00:00:00Z"
    },
    "celodnevna_aktivnost": false
  },
  {
    "mesec": "Mart",
    "dogadjaj": "Dan zena",
    "datum": {
      "$date": "2023-03-08T00:00:00Z"
    },
    "celodnevna_aktivnost": false
  },
  {
    "mesec": "April",
    "dogadjaj": "Nasali se.",
    "datum": {
      "$date": "2023-04-01T00:00:00Z"
    },
    "celodnevna_aktivnost": false
  },
  {
    "mesec": "April",
    "dogadjaj": "Dan studenata",
    "datum": {
      "$date": "2023-04-04T00:00:00Z"
    },
    "celodnevna_aktivnost": false
  },
  {
    "mesec": "Mart",
    "dogadjaj": "Zubar u 13h.",
    "datum": {
      "$date": "2023-02-17T00:00:00Z"
    },
    "celodnevna_aktivnost": false
  },
  {
    "mesec": "Mart",
    "dogadjaj": "Frizer u 17h.",
    "datum": {
      "$date": "2023-03-09T00:00:00Z"
    },
    "celodnevna_aktivnost": false
  },
  {
    "mesec": "Maj",
    "dogadjaj": "Ispit iz UVITA.",
    "datum": {
      "$date": "2023-05-20T00:00:00Z"
    },
    "celodnevna_aktivnost": false
  },
  {
    "mesec": "Jun",
    "dogadjaj": "Ispit iz UVITA [jun1].",
    "datum": {
      "$date": "2023-06-08T00:00:00Z"
    },
    "celodnevna_aktivnost": false
  },
  {
    "mesec": "Jun",
    "dogadjaj": "Ispit iz UVITA [jun2].",
    "datum": {
      "$date": "2023-06-26T00:00:00Z"
    },
    "celodnevna_aktivnost": false
  },
  {
    "mesec": "Septembar",
    "dogadjaj": "Ispit iz UVITA [sep2].",
    "datum": {
      "$date": "2023-09-21T00:00:00Z"
    },
    "celodnevna_aktivnost": false
  },
  {
    "mesec": "Septembar",
    "dogadjaj": "Ispit iz UVITA [sep1].",
    "datum": {
      "$date": "2023-09-04T00:00:00Z"
    },
    "celodnevna_aktivnost": false
  },
  {
    "mesec": "Maj",
    "dogadjaj": "Dan rada.",
    "datum": {
      "$date": "2023-05-01T00:00:00Z"
    },
    "celodnevna_aktivnost": true
  },
  {
    "mesec": "Jul",
    "dogadjaj": "Odmor, putovanje.",
    "datum": {
      "$date": "2023-07-15T00:00:00Z"
    },
    "celodnevna_aktivnost": true
  },
  {
    "mesec": "Jul",
    "dogadjaj": "Shopping.",
    "datum": {
      "$date": "2023-07-07T00:00:00Z"
    },
    "celodnevna_aktivnost": false
  },
  {
    "mesec": "Avgust",
    "dogadjaj": "Izlet.",
    "datum": {
      "$date": "2023-08-20T00:00:00Z"
    },
    "celodnevna_aktivnost": true
  },
  {
    "mesec": "Septembar",
    "dogadjaj": "Pocetak skole.",
    "datum": {
      "$date": "2023-09-01T00:00:00Z"
    },
    "celodnevna_aktivnost": false
  },
  {
    "mesec": "Oktobar",
    "dogadjaj": "Pocetak nastave.",
    "datum": {
      "$date": "2023-10-02T00:00:00Z"
    },
    "celodnevna_aktivnost": false
  },
  {
    "mesec": "Novembar",
    "dogadjaj": "Dan primirja u Prvom svetskom ratu.",
    "datum": {
      "$date": "2023-11-11T00:00:00Z"
    },
    "celodnevna_aktivnost": true
  },
  {
    "mesec": "Decembar",
    "dogadjaj": "Docek nove godine.",
    "datum": {
      "$date": "2023-12-31T00:00:00Z"
    },
    "celodnevna_aktivnost": false
  }
]