[{
	"_id": {
		"$oid": "60b28306a92b02c3109bd623"
	},
	"username": "Sara1234",
	"datump": "2018-01-18",
	"status":"isporuceno",
	"kategorija":"kancelarija",
	"proizvod": "stolica",
	"cena":2000
	
},
{
	"_id": {
		"$oid": "60b28306a92b02c3109bd624"
	},
	"username": "Marija",
	"datump": "2020-02-23",
	"status":"na cekanju",
	"kategorija":"kuhinja",
	"proizvod": "sto",
	"cena":5000
	
	
},
{
	"_id": {
		"$oid": "60b29306a92b02c3109bd624"
	},
	"username": "Marija",
	"datump": "2021-02-23",
	"status":"isporuceno",
	"kategorija":"spavaca soba",
	"proizvod": "krevet",
	"cena":10000
	
	
},
{
	"_id": {
		"$oid": "60b28306a92b02c3109bd924"
	},
	"username": "Marija",
	"datump": "2021-03-10",
	"status":"isporuceno",
	"kategorija":"spavaca soba",
	"proizvod": "lampa",
	"cena":500
	
	
},
{
	"_id": {
		"$oid": "60b28586a92b02c3109bd624"
	},
	"username": "Sara1234",
	"datump": "2017-05-10",
	"status":"isporuceno",
	"kategorija":"spavaca soba",
	"proizvod": "tepih",
	"cena":5000
	
	
},
{
	"_id": {
		"$oid": "60b28306a92b07c9109bd624"
	},
	"username": "Sara1234",
	"datump": "2021-04-17",
	"status":"isporuceno",
	"kategorija":"kuhinja",
	"proizvod": "stolica",
	"cena":6000
	
	
},
{
	"_id": {
		"$oid": "60b28306a92b04c3209bd624"
	},
	"username": "PeraZdera",
	"datump": "2018-03-10",
	"status":"na cekanju",
	"kategorija":"spavaca soba",
	"proizvod": "lampa",
	"cena":700
	
	
},
{
	"_id": {
		"$oid": "60b29877a92b02c3109bd624"
	},
	"username": "Marija",
	"datump": "2021-04-10",
	"status":"isporuceno",
	"kategorija":"kupatilo",
	"proizvod": "ogledalo",
	"cena":2000
	
	
}]
